r	{"filters": [{"attr": "DOLocationID", "op": "eq", "value": 148}, {"attr": "fare_amount", "op": "range", "lo": 7.2, "hi": 38.7}, {"attr": "passenger_count", "op": "range", "lo": -1.0, "hi": 1.0}, {"attr": "tpep_pickup_datetime", "op": "range", "lo": 1719602456, "hi": 1757744139}], "most_selective_attr": "DOLocationID"}
r	{"filters": [{"attr": "DOLocationID", "op": "eq", "value": 230}, {"attr": "tpep_pickup_datetime", "op": "range", "lo": 1714487666, "hi": 1755992513}, {"attr": "fare_amount", "op": "range", "lo": 7.9, "hi": 52.7}, {"attr": "passenger_count", "op": "range", "lo": 1.0, "hi": 1.01}], "most_selective_attr": "DOLocationID"}
r	{"filters": [{"attr": "PULocationID", "op": "eq", "value": 48}, {"attr": "passenger_count", "op": "range", "lo": -1.0, "hi": 1.0}, {"attr": "tpep_dropoff_datetime", "op": "range", "lo": 1733788492, "hi": 1762974900}, {"attr": "fare_amount", "op": "range", "lo": 7.9, "hi": 36.6}], "most_selective_attr": "PULocationID"}
r	{"filters": [{"attr": "PULocationID", "op": "eq", "value": 141}, {"attr": "fare_amount", "op": "range", "lo": 7.9, "hi": 16.16}, {"attr": "passenger_count", "op": "range", "lo": 1.0, "hi": 3.0}, {"attr": "tpep_pickup_datetime", "op": "range", "lo": 1723366776, "hi": 1762947584}], "most_selective_attr": "PULocationID"}
r	{"filters": [{"attr": "DOLocationID", "op": "eq", "value": 230}, {"attr": "fare_amount", "op": "range", "lo": 3.0, "hi": 14.9}, {"attr": "tpep_pickup_datetime", "op": "range", "lo": 1729621656, "hi": 1764881624}, {"attr": "tpep_dropoff_datetime", "op": "range", "lo": 1704927993, "hi": 1748543177}], "most_selective_attr": "DOLocationID"}
r	{"filters": [{"attr": "PULocationID", "op": "eq", "value": 236}, {"attr": "tpep_pickup_datetime", "op": "range", "lo": 1710594422, "hi": 1740339308}, {"attr": "passenger_count", "op": "range", "lo": 1.0, "hi": 2.0}, {"attr": "fare_amount", "op": "range", "lo": 7.2, "hi": 12.1}], "most_selective_attr": "PULocationID"}
r	{"filters": [{"attr": "DOLocationID", "op": "eq", "value": 262}, {"attr": "tpep_pickup_datetime", "op": "range", "lo": 1707426966, "hi": 1756044984}, {"attr": "tpep_dropoff_datetime", "op": "range", "lo": 1707648150, "hi": 1741892326}, {"attr": "fare_amount", "op": "range", "lo": 3.0, "hi": 26.1}], "most_selective_attr": "DOLocationID"}
r	{"filters": [{"attr": "PULocationID", "op": "eq", "value": 68}, {"attr": "tpep_dropoff_datetime", "op": "range", "lo": 1730315280, "hi": 1758329153}, {"attr": "fare_amount", "op": "range", "lo": 10.0, "hi": 29.92}, {"attr": "passenger_count", "op": "range", "lo": -1.0, "hi": 1.0}], "most_selective_attr": "PULocationID"}
r	{"filters": [{"attr": "DOLocationID", "op": "eq", "value": 107}, {"attr": "tpep_pickup_datetime", "op": "range", "lo": 1718320728, "hi": 1749629388}, {"attr": "passenger_count", "op": "range", "lo": 1.0, "hi": 4.0}, {"attr": "tpep_dropoff_datetime", "op": "range", "lo": 1709861574, "hi": 1743585090}], "most_selective_attr": "DOLocationID"}
r	{"filters": [{"attr": "DOLocationID", "op": "eq", "value": 144}, {"attr": "tpep_pickup_datetime", "op": "range", "lo": 1704925180, "hi": 1762433322}, {"attr": "tpep_dropoff_datetime", "op": "range", "lo": 1706870256, "hi": 1760976854}, {"attr": "fare_amount", "op": "range", "lo": -3.7, "hi": 70.0}], "most_selective_attr": "DOLocationID"}
r	{"filters": [{"attr": "PULocationID", "op": "eq", "value": 142}, {"attr": "tpep_dropoff_datetime", "op": "range", "lo": 1723069328, "hi": 1764671197}, {"attr": "tpep_pickup_datetime", "op": "range", "lo": 1713467911, "hi": 1749638119}, {"attr": "passenger_count", "op": "range", "lo": 1.0, "hi": 2.0}], "most_selective_attr": "PULocationID"}
r	{"filters": [{"attr": "PULocationID", "op": "eq", "value": 230}, {"attr": "tpep_dropoff_datetime", "op": "range", "lo": 1709433767, "hi": 1753105456}, {"attr": "fare_amount", "op": "range", "lo": 7.2, "hi": 20.55}, {"attr": "tpep_pickup_datetime", "op": "range", "lo": 1709751558, "hi": 1729387445}], "most_selective_attr": "PULocationID"}
r	{"filters": [{"attr": "DOLocationID", "op": "eq", "value": 163}, {"attr": "passenger_count", "op": "range", "lo": -1.0, "hi": 2.0}, {"attr": "tpep_pickup_datetime", "op": "range", "lo": 1737382713, "hi": 1766444351}, {"attr": "tpep_dropoff_datetime", "op": "range", "lo": 1717454615, "hi": 1746797994}], "most_selective_attr": "DOLocationID"}
r	{"filters": [{"attr": "tpep_pickup_datetime", "op": "range", "lo": 1727166197, "hi": 1755189058}, {"attr": "tpep_dropoff_datetime", "op": "range", "lo": 1723385642, "hi": 1733122461}, {"attr": "passenger_count", "op": "range", "lo": -1.0, "hi": -0.99}, {"attr": "fare_amount", "op": "range", "lo": 4.4, "hi": 12.8}], "most_selective_attr": "tpep_dropoff_datetime"}
r	{"filters": [{"attr": "DOLocationID", "op": "eq", "value": 79}, {"attr": "fare_amount", "op": "range", "lo": 8.6, "hi": 44.3}, {"attr": "tpep_dropoff_datetime", "op": "range", "lo": 1712715320, "hi": 1750891931}, {"attr": "tpep_pickup_datetime", "op": "range", "lo": 1712217177, "hi": 1756940551}], "most_selective_attr": "DOLocationID"}
r	{"filters": [{"attr": "DOLocationID", "op": "eq", "value": 113}, {"attr": "tpep_dropoff_datetime", "op": "range", "lo": 1720777925, "hi": 1759090156}, {"attr": "tpep_pickup_datetime", "op": "range", "lo": 1716560242, "hi": 1752715884}, {"attr": "passenger_count", "op": "range", "lo": 1.0, "hi": 1.01}], "most_selective_attr": "DOLocationID"}
r	{"filters": [{"attr": "DOLocationID", "op": "eq", "value": 141}, {"attr": "tpep_dropoff_datetime", "op": "range", "lo": 1720562717, "hi": 1763234807}, {"attr": "fare_amount", "op": "range", "lo": 7.2, "hi": 35.4}, {"attr": "passenger_count", "op": "range", "lo": 1.0, "hi": 2.0}], "most_selective_attr": "DOLocationID"}
r	{"filters": [{"attr": "PULocationID", "op": "eq", "value": 162}, {"attr": "tpep_pickup_datetime", "op": "range", "lo": 1713861693, "hi": 1753547472}, {"attr": "fare_amount", "op": "range", "lo": 6.5, "hi": 14.2}, {"attr": "tpep_dropoff_datetime", "op": "range", "lo": 1724979251, "hi": 1764208909}], "most_selective_attr": "PULocationID"}
r	{"filters": [{"attr": "DOLocationID", "op": "eq", "value": 239}, {"attr": "tpep_dropoff_datetime", "op": "range", "lo": 1738782383, "hi": 1765240469}, {"attr": "passenger_count", "op": "range", "lo": -1.0, "hi": 1.0}, {"attr": "fare_amount", "op": "range", "lo": 10.7, "hi": 139.9}], "most_selective_attr": "DOLocationID"}
r	{"filters": [{"attr": "PULocationID", "op": "eq", "value": 239}, {"attr": "passenger_count", "op": "range", "lo": -1.0, "hi": 1.0}, {"attr": "fare_amount", "op": "range", "lo": 10.31, "hi": 40.8}, {"attr": "tpep_pickup_datetime", "op": "range", "lo": 1708417184, "hi": 1743521311}], "most_selective_attr": "PULocationID"}
r	{"filters": [{"attr": "passenger_count", "op": "range", "lo": 1.0, "hi": 1.01}, {"attr": "fare_amount", "op": "range", "lo": 16.3, "hi": 27.5}, {"attr": "tpep_pickup_datetime", "op": "range", "lo": 1722692754, "hi": 1734904071}, {"attr": "tpep_dropoff_datetime", "op": "range", "lo": 1731315823, "hi": 1757184263}], "most_selective_attr": "tpep_pickup_datetime"}
r	{"filters": [{"attr": "DOLocationID", "op": "eq", "value": 141}, {"attr": "tpep_dropoff_datetime", "op": "range", "lo": 1711652111, "hi": 1756214763}, {"attr": "tpep_pickup_datetime", "op": "range", "lo": 1727451559, "hi": 1746480584}, {"attr": "fare_amount", "op": "range", "lo": 6.5, "hi": 31.2}], "most_selective_attr": "DOLocationID"}
r	{"filters": [{"attr": "PULocationID", "op": "eq", "value": 236}, {"attr": "tpep_dropoff_datetime", "op": "range", "lo": 1714870255, "hi": 1750539687}, {"attr": "fare_amount", "op": "range", "lo": 7.9, "hi": 12.8}, {"attr": "tpep_pickup_datetime", "op": "range", "lo": 1727915827, "hi": 1749682927}], "most_selective_attr": "PULocationID"}
r	{"filters": [{"attr": "DOLocationID", "op": "eq", "value": 162}, {"attr": "passenger_count", "op": "range", "lo": 1.0, "hi": 1.01}, {"attr": "tpep_pickup_datetime", "op": "range", "lo": 1722371433, "hi": 1754484233}, {"attr": "tpep_dropoff_datetime", "op": "range", "lo": 1748155414, "hi": 1765718723}], "most_selective_attr": "DOLocationID"}
r	{"filters": [{"attr": "PULocationID", "op": "eq", "value": 79}, {"attr": "tpep_pickup_datetime", "op": "range", "lo": 1716592379, "hi": 1747960923}, {"attr": "tpep_dropoff_datetime", "op": "range", "lo": 1728284820, "hi": 1757668951}, {"attr": "fare_amount", "op": "range", "lo": 8.6, "hi": 38.35}], "most_selective_attr": "PULocationID"}
r	{"filters": [{"attr": "DOLocationID", "op": "eq", "value": 100}, {"attr": "fare_amount", "op": "range", "lo": 6.5, "hi": 50.26}, {"attr": "tpep_dropoff_datetime", "op": "range", "lo": 1706995328, "hi": 1764933273}, {"attr": "passenger_count", "op": "range", "lo": -1.0, "hi": 2.0}], "most_selective_attr": "DOLocationID"}
r	{"filters": [{"attr": "DOLocationID", "op": "eq", "value": 238}, {"attr": "tpep_pickup_datetime", "op": "range", "lo": 1710044664, "hi": 1753975613}, {"attr": "passenger_count", "op": "range", "lo": 1.0, "hi": 2.0}, {"attr": "tpep_dropoff_datetime", "op": "range", "lo": 1726055778, "hi": 1762156203}], "most_selective_attr": "DOLocationID"}
r	{"filters": [{"attr": "tpep_dropoff_datetime", "op": "range", "lo": 1753697512, "hi": 1764420810}, {"attr": "tpep_pickup_datetime", "op": "range", "lo": 1745839506, "hi": 1753920927}, {"attr": "fare_amount", "op": "range", "lo": 8.6, "hi": 21.2}, {"attr": "passenger_count", "op": "range", "lo": 1.0, "hi": 2.0}], "most_selective_attr": "tpep_pickup_datetime"}
r	{"filters": [{"attr": "DOLocationID", "op": "eq", "value": 75}, {"attr": "passenger_count", "op": "range", "lo": -1.0, "hi": 2.0}, {"attr": "fare_amount", "op": "range", "lo": 3.7, "hi": 45.7}, {"attr": "tpep_pickup_datetime", "op": "range", "lo": 1712172470, "hi": 1765469051}], "most_selective_attr": "DOLocationID"}
r	{"filters": [{"attr": "tpep_pickup_datetime", "op": "range", "lo": 1737240311, "hi": 1751839986}, {"attr": "fare_amount", "op": "range", "lo": 26.8, "hi": 145.1}, {"attr": "passenger_count", "op": "range", "lo": -1.0, "hi": 1.0}, {"attr": "tpep_dropoff_datetime", "op": "range", "lo": 1726832064, "hi": 1741025540}], "most_selective_attr": "passenger_count"}
r	{"filters": [{"attr": "PULocationID", "op": "eq", "value": 262}, {"attr": "tpep_dropoff_datetime", "op": "range", "lo": 1707420212, "hi": 1762610843}, {"attr": "tpep_pickup_datetime", "op": "range", "lo": 1716600305, "hi": 1762532889}, {"attr": "passenger_count", "op": "range", "lo": 1.0, "hi": 2.0}], "most_selective_attr": "PULocationID"}
r	{"filters": [{"attr": "PULocationID", "op": "eq", "value": 236}, {"attr": "fare_amount", "op": "range", "lo": 5.8, "hi": 14.2}, {"attr": "tpep_dropoff_datetime", "op": "range", "lo": 1727541773, "hi": 1760791538}, {"attr": "tpep_pickup_datetime", "op": "range", "lo": 1706975707, "hi": 1741940283}], "most_selective_attr": "PULocationID"}
r	{"filters": [{"attr": "PULocationID", "op": "eq", "value": 163}, {"attr": "passenger_count", "op": "range", "lo": -1.0, "hi": 1.0}, {"attr": "fare_amount", "op": "range", "lo": 7.21, "hi": 26.1}, {"attr": "tpep_pickup_datetime", "op": "range", "lo": 1727493696, "hi": 1765908580}], "most_selective_attr": "PULocationID"}
r	{"filters": [{"attr": "tpep_dropoff_datetime", "op": "range", "lo": 1711460297, "hi": 1729016734}, {"attr": "passenger_count", "op": "range", "lo": 1.0, "hi": 1.01}, {"attr": "tpep_pickup_datetime", "op": "range", "lo": 1726342580, "hi": 1746051298}, {"attr": "fare_amount", "op": "range", "lo": 7.9, "hi": 10.0}], "most_selective_attr": "fare_amount"}
r	{"filters": [{"attr": "passenger_count", "op": "range", "lo": -1.0, "hi": 1.0}, {"attr": "tpep_pickup_datetime", "op": "range", "lo": 1735511345, "hi": 1758721920}, {"attr": "fare_amount", "op": "range", "lo": 6.5, "hi": 9.3}, {"attr": "tpep_dropoff_datetime", "op": "range", "lo": 1743321953, "hi": 1759568796}], "most_selective_attr": "fare_amount"}
r	{"filters": [{"attr": "PULocationID", "op": "eq", "value": 142}, {"attr": "fare_amount", "op": "range", "lo": 6.5, "hi": 14.2}, {"attr": "tpep_dropoff_datetime", "op": "range", "lo": 1711756406, "hi": 1757813451}, {"attr": "passenger_count", "op": "range", "lo": 1.0, "hi": 1.01}], "most_selective_attr": "PULocationID"}
r	{"filters": [{"attr": "DOLocationID", "op": "eq", "value": 163}, {"attr": "fare_amount", "op": "range", "lo": 7.9, "hi": 28.9}, {"attr": "passenger_count", "op": "range", "lo": -1.0, "hi": 1.0}, {"attr": "tpep_dropoff_datetime", "op": "range", "lo": 1733311642, "hi": 1760448846}], "most_selective_attr": "DOLocationID"}
r	{"filters": [{"attr": "DOLocationID", "op": "eq", "value": 79}, {"attr": "tpep_pickup_datetime", "op": "range", "lo": 1726230578, "hi": 1755122227}, {"attr": "passenger_count", "op": "range", "lo": -1.0, "hi": 1.0}, {"attr": "fare_amount", "op": "range", "lo": -4.4, "hi": 22.6}], "most_selective_attr": "DOLocationID"}
r	{"filters": [{"attr": "PULocationID", "op": "eq", "value": 162}, {"attr": "fare_amount", "op": "range", "lo": 7.2, "hi": 27.5}, {"attr": "passenger_count", "op": "range", "lo": 1.0, "hi": 2.0}, {"attr": "tpep_dropoff_datetime", "op": "range", "lo": 1727725593, "hi": 1745770015}], "most_selective_attr": "PULocationID"}
r	{"filters": [{"attr": "PULocationID", "op": "eq", "value": 249}, {"attr": "tpep_pickup_datetime", "op": "range", "lo": 1711118822, "hi": 1758328671}, {"attr": "fare_amount", "op": "range", "lo": 8.6, "hi": 27.5}, {"attr": "passenger_count", "op": "range", "lo": -1.0, "hi": 1.0}], "most_selective_attr": "PULocationID"}
r	{"filters": [{"attr": "PULocationID", "op": "eq", "value": 114}, {"attr": "tpep_dropoff_datetime", "op": "range", "lo": 1713741522, "hi": 1761388755}, {"attr": "passenger_count", "op": "range", "lo": 1.0, "hi": 1.01}, {"attr": "fare_amount", "op": "range", "lo": 3.8, "hi": 25.3}], "most_selective_attr": "PULocationID"}
r	{"filters": [{"attr": "PULocationID", "op": "eq", "value": 186}, {"attr": "tpep_dropoff_datetime", "op": "range", "lo": 1711019332, "hi": 1746642913}, {"attr": "fare_amount", "op": "range", "lo": 10.0, "hi": 20.5}, {"attr": "passenger_count", "op": "range", "lo": 1.0, "hi": 2.0}], "most_selective_attr": "PULocationID"}
r	{"filters": [{"attr": "PULocationID", "op": "eq", "value": 107}, {"attr": "tpep_pickup_datetime", "op": "range", "lo": 1739021924, "hi": 1766279564}, {"attr": "tpep_dropoff_datetime", "op": "range", "lo": 1707758739, "hi": 1750368226}, {"attr": "fare_amount", "op": "range", "lo": 13.5, "hi": 42.9}], "most_selective_attr": "PULocationID"}
r	{"filters": [{"attr": "PULocationID", "op": "eq", "value": 138}, {"attr": "fare_amount", "op": "range", "lo": 4.4, "hi": 30.07}, {"attr": "tpep_pickup_datetime", "op": "range", "lo": 1706262572, "hi": 1743182783}, {"attr": "passenger_count", "op": "range", "lo": 1.0, "hi": 3.0}], "most_selective_attr": "PULocationID"}
r	{"filters": [{"attr": "DOLocationID", "op": "eq", "value": 161}, {"attr": "tpep_dropoff_datetime", "op": "range", "lo": 1726945974, "hi": 1765970833}, {"attr": "fare_amount", "op": "range", "lo": 9.3, "hi": 21.37}, {"attr": "passenger_count", "op": "range", "lo": -1.0, "hi": 1.0}], "most_selective_attr": "DOLocationID"}
r	{"filters": [{"attr": "fare_amount", "op": "range", "lo": 15.6, "hi": 23.3}, {"attr": "tpep_pickup_datetime", "op": "range", "lo": 1722967875, "hi": 1733507268}, {"attr": "tpep_dropoff_datetime", "op": "range", "lo": 1719722466, "hi": 1744450388}, {"attr": "passenger_count", "op": "range", "lo": -1.0, "hi": 1.0}], "most_selective_attr": "tpep_pickup_datetime"}
r	{"filters": [{"attr": "PULocationID", "op": "eq", "value": 237}, {"attr": "passenger_count", "op": "range", "lo": -1.0, "hi": 1.0}, {"attr": "fare_amount", "op": "range", "lo": 9.3, "hi": 70.0}, {"attr": "tpep_pickup_datetime", "op": "range", "lo": 1713521414, "hi": 1745531722}], "most_selective_attr": "PULocationID"}
r	{"filters": [{"attr": "PULocationID", "op": "eq", "value": 161}, {"attr": "tpep_dropoff_datetime", "op": "range", "lo": 1715238157, "hi": 1757723891}, {"attr": "fare_amount", "op": "range", "lo": 7.9, "hi": 19.8}, {"attr": "passenger_count", "op": "range", "lo": -1.0, "hi": 1.0}], "most_selective_attr": "PULocationID"}
r	{"filters": [{"attr": "DOLocationID", "op": "eq", "value": 148}, {"attr": "passenger_count", "op": "range", "lo": 1.0, "hi": 4.0}, {"attr": "tpep_pickup_datetime", "op": "range", "lo": 1709201833, "hi": 1764472054}, {"attr": "tpep_dropoff_datetime", "op": "range", "lo": 1721138098, "hi": 1761850447}], "most_selective_attr": "DOLocationID"}
r	{"filters": [{"attr": "PULocationID", "op": "eq", "value": 262}, {"attr": "tpep_dropoff_datetime", "op": "range", "lo": 1709309996, "hi": 1766098131}, {"attr": "tpep_pickup_datetime", "op": "range", "lo": 1717021145, "hi": 1748049754}, {"attr": "passenger_count", "op": "range", "lo": -1.0, "hi": 2.0}], "most_selective_attr": "PULocationID"}
r	{"filters": [{"attr": "DOLocationID", "op": "eq", "value": 239}, {"attr": "tpep_pickup_datetime", "op": "range", "lo": 1715696778, "hi": 1748516673}, {"attr": "tpep_dropoff_datetime", "op": "range", "lo": 1727734240, "hi": 1754141992}, {"attr": "fare_amount", "op": "range", "lo": 12.8, "hi": 36.6}], "most_selective_attr": "DOLocationID"}
r	{"filters": [{"attr": "PULocationID", "op": "eq", "value": 79}, {"attr": "tpep_dropoff_datetime", "op": "range", "lo": 1708860915, "hi": 1750857606}, {"attr": "tpep_pickup_datetime", "op": "range", "lo": 1730122189, "hi": 1761240353}, {"attr": "passenger_count", "op": "range", "lo": 1.0, "hi": 2.0}], "most_selective_attr": "PULocationID"}
r	{"filters": [{"attr": "PULocationID", "op": "eq", "value": 249}, {"attr": "tpep_pickup_datetime", "op": "range", "lo": 1726602537, "hi": 1757973861}, {"attr": "fare_amount", "op": "range", "lo": 10.0, "hi": 70.0}, {"attr": "tpep_dropoff_datetime", "op": "range", "lo": 1707046083, "hi": 1748284150}], "most_selective_attr": "PULocationID"}
r	{"filters": [{"attr": "PULocationID", "op": "eq", "value": 186}, {"attr": "tpep_dropoff_datetime", "op": "range", "lo": 1745454016, "hi": 1762819365}, {"attr": "fare_amount", "op": "range", "lo": -4.75, "hi": 15.6}, {"attr": "tpep_pickup_datetime", "op": "range", "lo": 1737839655, "hi": 1758404042}], "most_selective_attr": "PULocationID"}
r	{"filters": [{"attr": "fare_amount", "op": "range", "lo": 16.3, "hi": 25.4}, {"attr": "passenger_count", "op": "range", "lo": -1.0, "hi": 1.0}, {"attr": "tpep_dropoff_datetime", "op": "range", "lo": 1721996886, "hi": 1749413449}, {"attr": "tpep_pickup_datetime", "op": "range", "lo": 1730474034, "hi": 1742283261}], "most_selective_attr": "passenger_count"}
r	{"filters": [{"attr": "PULocationID", "op": "eq", "value": 161}, {"attr": "passenger_count", "op": "range", "lo": -1.0, "hi": 1.0}, {"attr": "tpep_pickup_datetime", "op": "range", "lo": 1723064634, "hi": 1754705653}, {"attr": "tpep_dropoff_datetime", "op": "range", "lo": 1717546263, "hi": 1744995462}], "most_selective_attr": "PULocationID"}
r	{"filters": [{"attr": "DOLocationID", "op": "eq", "value": 142}, {"attr": "fare_amount", "op": "range", "lo": 5.1, "hi": 15.6}, {"attr": "tpep_dropoff_datetime", "op": "range", "lo": 1734132569, "hi": 1767137018}, {"attr": "passenger_count", "op": "range", "lo": 1.0, "hi": 1.01}], "most_selective_attr": "DOLocationID"}
r	{"filters": [{"attr": "PULocationID", "op": "eq", "value": 143}, {"attr": "fare_amount", "op": "range", "lo": 7.34, "hi": 25.75}, {"attr": "passenger_count", "op": "range", "lo": -1.0, "hi": 1.0}, {"attr": "tpep_dropoff_datetime", "op": "range", "lo": 1706970554, "hi": 1761081644}], "most_selective_attr": "PULocationID"}
r	{"filters": [{"attr": "PULocationID", "op": "eq", "value": 237}, {"attr": "tpep_pickup_datetime", "op": "range", "lo": 1744967363, "hi": 1764701151}, {"attr": "fare_amount", "op": "range", "lo": 8.6, "hi": 23.3}, {"attr": "passenger_count", "op": "range", "lo": 1.0, "hi": 2.0}], "most_selective_attr": "PULocationID"}
r	{"filters": [{"attr": "DOLocationID", "op": "eq", "value": 137}, {"attr": "tpep_pickup_datetime", "op": "range", "lo": 1711498623, "hi": 1747225595}, {"attr": "passenger_count", "op": "range", "lo": -1.0, "hi": 1.0}, {"attr": "fare_amount", "op": "range", "lo": 5.8, "hi": 70.0}], "most_selective_attr": "DOLocationID"}
r	{"filters": [{"attr": "PULocationID", "op": "eq", "value": 163}, {"attr": "tpep_pickup_datetime", "op": "range", "lo": 1727026062, "hi": 1756924376}, {"attr": "passenger_count", "op": "range", "lo": -1.0, "hi": 1.0}, {"attr": "tpep_dropoff_datetime", "op": "range", "lo": 1719621051, "hi": 1761225619}], "most_selective_attr": "PULocationID"}
r	{"filters": [{"attr": "DOLocationID", "op": "eq", "value": 229}, {"attr": "fare_amount", "op": "range", "lo": -6.24, "hi": 17.7}, {"attr": "tpep_dropoff_datetime", "op": "range", "lo": 1704488193, "hi": 1750434726}, {"attr": "passenger_count", "op": "range", "lo": 1.0, "hi": 1.01}], "most_selective_attr": "DOLocationID"}
r	{"filters": [{"attr": "DOLocationID", "op": "eq", "value": 234}, {"attr": "tpep_dropoff_datetime", "op": "range", "lo": 1710193412, "hi": 1744130096}, {"attr": "fare_amount", "op": "range", "lo": 6.5, "hi": 22.6}, {"attr": "tpep_pickup_datetime", "op": "range", "lo": 1724542956, "hi": 1763331390}], "most_selective_attr": "DOLocationID"}
r	{"filters": [{"attr": "DOLocationID", "op": "eq", "value": 161}, {"attr": "passenger_count", "op": "range", "lo": 1.0, "hi": 2.0}, {"attr": "tpep_pickup_datetime", "op": "range", "lo": 1709240237, "hi": 1730509577}, {"attr": "tpep_dropoff_datetime", "op": "range", "lo": 1713732812, "hi": 1733270394}], "most_selective_attr": "DOLocationID"}
r	{"filters": [{"attr": "DOLocationID", "op": "eq", "value": 170}, {"attr": "tpep_pickup_datetime", "op": "range", "lo": 1712179782, "hi": 1748684796}, {"attr": "tpep_dropoff_datetime", "op": "range", "lo": 1721478743, "hi": 1758502275}, {"attr": "passenger_count", "op": "range", "lo": 1.0, "hi": 2.0}], "most_selective_attr": "DOLocationID"}
r	{"filters": [{"attr": "PULocationID", "op": "eq", "value": 137}, {"attr": "tpep_pickup_datetime", "op": "range", "lo": 1715646769, "hi": 1755493227}, {"attr": "tpep_dropoff_datetime", "op": "range", "lo": 1708343787, "hi": 1742999077}, {"attr": "fare_amount", "op": "range", "lo": 9.3, "hi": 23.3}], "most_selective_attr": "PULocationID"}
r	{"filters": [{"attr": "tpep_pickup_datetime", "op": "range", "lo": 1720638596, "hi": 1735446186}, {"attr": "passenger_count", "op": "range", "lo": -1.0, "hi": 1.0}, {"attr": "fare_amount", "op": "range", "lo": 11.4, "hi": 17.7}, {"attr": "tpep_dropoff_datetime", "op": "range", "lo": 1727709317, "hi": 1740247084}], "most_selective_attr": "passenger_count"}
r	{"filters": [{"attr": "PULocationID", "op": "eq", "value": 233}, {"attr": "fare_amount", "op": "range", "lo": 6.5, "hi": 82.8}, {"attr": "tpep_dropoff_datetime", "op": "range", "lo": 1711328610, "hi": 1762647979}, {"attr": "passenger_count", "op": "range", "lo": -1.0, "hi": 2.0}], "most_selective_attr": "PULocationID"}
r	{"filters": [{"attr": "PULocationID", "op": "eq", "value": 186}, {"attr": "tpep_pickup_datetime", "op": "range", "lo": 1714329922, "hi": 1760757725}, {"attr": "passenger_count", "op": "range", "lo": -1.0, "hi": 1.0}, {"attr": "tpep_dropoff_datetime", "op": "range", "lo": 1734297731, "hi": 1765360994}], "most_selective_attr": "PULocationID"}
r	{"filters": [{"attr": "DOLocationID", "op": "eq", "value": 113}, {"attr": "fare_amount", "op": "range", "lo": 0.69, "hi": 40.0}, {"attr": "tpep_dropoff_datetime", "op": "range", "lo": 1708895209, "hi": 1763988315}, {"attr": "tpep_pickup_datetime", "op": "range", "lo": 1717285614, "hi": 1746476571}], "most_selective_attr": "DOLocationID"}
r	{"filters": [{"attr": "PULocationID", "op": "eq", "value": 170}, {"attr": "tpep_dropoff_datetime", "op": "range", "lo": 1704823282, "hi": 1747260997}, {"attr": "tpep_pickup_datetime", "op": "range", "lo": 1712437713, "hi": 1741122946}, {"attr": "passenger_count", "op": "range", "lo": -1.0, "hi": 1.0}], "most_selective_attr": "PULocationID"}
r	{"filters": [{"attr": "DOLocationID", "op": "eq", "value": 161}, {"attr": "tpep_dropoff_datetime", "op": "range", "lo": 1723334290, "hi": 1766015340}, {"attr": "fare_amount", "op": "range", "lo": 8.6, "hi": 25.86}, {"attr": "passenger_count", "op": "range", "lo": -1.0, "hi": 1.0}], "most_selective_attr": "DOLocationID"}
r	{"filters": [{"attr": "DOLocationID", "op": "eq", "value": 230}, {"attr": "fare_amount", "op": "range", "lo": 9.3, "hi": 17.7}, {"attr": "tpep_dropoff_datetime", "op": "range", "lo": 1730926948, "hi": 1752177558}, {"attr": "tpep_pickup_datetime", "op": "range", "lo": 1713902409, "hi": 1750150128}], "most_selective_attr": "DOLocationID"}
r	{"filters": [{"attr": "fare_amount", "op": "range", "lo": 10.7, "hi": 14.9}, {"attr": "tpep_pickup_datetime", "op": "range", "lo": 1729218336, "hi": 1748508747}, {"attr": "tpep_dropoff_datetime", "op": "range", "lo": 1736679740, "hi": 1749482774}, {"attr": "passenger_count", "op": "range", "lo": -1.0, "hi": 1.0}], "most_selective_attr": "passenger_count"}
r	{"filters": [{"attr": "PULocationID", "op": "eq", "value": 234}, {"attr": "tpep_pickup_datetime", "op": "range", "lo": 1735986824, "hi": 1759434890}, {"attr": "passenger_count", "op": "range", "lo": 1.0, "hi": 2.0}, {"attr": "tpep_dropoff_datetime", "op": "range", "lo": 1713288018, "hi": 1756808888}], "most_selective_attr": "PULocationID"}
r	{"filters": [{"attr": "DOLocationID", "op": "eq", "value": 249}, {"attr": "tpep_dropoff_datetime", "op": "range", "lo": 1729502213, "hi": 1762360749}, {"attr": "passenger_count", "op": "range", "lo": -1.0, "hi": 1.0}, {"attr": "fare_amount", "op": "range", "lo": -4.75, "hi": 15.6}], "most_selective_attr": "DOLocationID"}
r	{"filters": [{"attr": "PULocationID", "op": "eq", "value": 161}, {"attr": "tpep_dropoff_datetime", "op": "range", "lo": 1736644801, "hi": 1765354942}, {"attr": "fare_amount", "op": "range", "lo": -50.6, "hi": 12.8}, {"attr": "passenger_count", "op": "range", "lo": -1.0, "hi": 1.0}], "most_selective_attr": "PULocationID"}
r	{"filters": [{"attr": "DOLocationID", "op": "eq", "value": 48}, {"attr": "fare_amount", "op": "range", "lo": 13.5, "hi": 48.5}, {"attr": "tpep_pickup_datetime", "op": "range", "lo": 1725112841, "hi": 1750438763}, {"attr": "tpep_dropoff_datetime", "op": "range", "lo": 1740920329, "hi": 1763403621}], "most_selective_attr": "DOLocationID"}
r	{"filters": [{"attr": "fare_amount", "op": "range", "lo": 12.8, "hi": 18.4}, {"attr": "passenger_count", "op": "range", "lo": -1.0, "hi": 1.0}, {"attr": "tpep_pickup_datetime", "op": "range", "lo": 1733527604, "hi": 1746913000}, {"attr": "tpep_dropoff_datetime", "op": "range", "lo": 1712178434, "hi": 1743901278}], "most_selective_attr": "passenger_count"}
r	{"filters": [{"attr": "DOLocationID", "op": "eq", "value": 137}, {"attr": "tpep_dropoff_datetime", "op": "range", "lo": 1708691294, "hi": 1747504557}, {"attr": "tpep_pickup_datetime", "op": "range", "lo": 1716913033, "hi": 1762252551}, {"attr": "passenger_count", "op": "range", "lo": -1.0, "hi": 2.0}], "most_selective_attr": "DOLocationID"}
r	{"filters": [{"attr": "DOLocationID", "op": "eq", "value": 68}, {"attr": "tpep_dropoff_datetime", "op": "range", "lo": 1710365739, "hi": 1737706397}, {"attr": "passenger_count", "op": "range", "lo": 1.0, "hi": 3.0}, {"attr": "tpep_pickup_datetime", "op": "range", "lo": 1720909886, "hi": 1755329817}], "most_selective_attr": "DOLocationID"}
r	{"filters": [{"attr": "PULocationID", "op": "eq", "value": 186}, {"attr": "fare_amount", "op": "range", "lo": 7.2, "hi": 19.11}, {"attr": "passenger_count", "op": "range", "lo": 1.0, "hi": 2.0}, {"attr": "tpep_dropoff_datetime", "op": "range", "lo": 1713950935, "hi": 1738247065}], "most_selective_attr": "PULocationID"}
r	{"filters": [{"attr": "DOLocationID", "op": "eq", "value": 68}, {"attr": "fare_amount", "op": "range", "lo": -4.75, "hi": 12.72}, {"attr": "tpep_dropoff_datetime", "op": "range", "lo": 1711095576, "hi": 1746165240}, {"attr": "passenger_count", "op": "range", "lo": -1.0, "hi": 2.0}], "most_selective_attr": "DOLocationID"}
r	{"filters": [{"attr": "PULocationID", "op": "eq", "value": 79}, {"attr": "tpep_pickup_datetime", "op": "range", "lo": 1722243030, "hi": 1760037780}, {"attr": "passenger_count", "op": "range", "lo": -1.0, "hi": 1.0}, {"attr": "fare_amount", "op": "range", "lo": -1.0, "hi": 13.5}], "most_selective_attr": "PULocationID"}
r	{"filters": [{"attr": "tpep_dropoff_datetime", "op": "range", "lo": 1747765353, "hi": 1761506320}, {"attr": "fare_amount", "op": "range", "lo": 8.6, "hi": 13.5}, {"attr": "tpep_pickup_datetime", "op": "range", "lo": 1726416946, "hi": 1748058881}, {"attr": "passenger_count", "op": "range", "lo": 1.0, "hi": 3.0}], "most_selective_attr": "tpep_dropoff_datetime"}
r	{"filters": [{"attr": "PULocationID", "op": "eq", "value": 234}, {"attr": "passenger_count", "op": "range", "lo": -1.0, "hi": 1.0}, {"attr": "tpep_dropoff_datetime", "op": "range", "lo": 1709386380, "hi": 1743971129}, {"attr": "fare_amount", "op": "range", "lo": 7.2, "hi": 21.2}], "most_selective_attr": "PULocationID"}
r	{"filters": [{"attr": "PULocationID", "op": "eq", "value": 237}, {"attr": "tpep_pickup_datetime", "op": "range", "lo": 1720831015, "hi": 1752044348}, {"attr": "passenger_count", "op": "range", "lo": 1.0, "hi": 1.01}, {"attr": "fare_amount", "op": "range", "lo": -24.0, "hi": 10.0}], "most_selective_attr": "PULocationID"}
r	{"filters": [{"attr": "PULocationID", "op": "eq", "value": 68}, {"attr": "fare_amount", "op": "range", "lo": 7.9, "hi": 12.8}, {"attr": "tpep_dropoff_datetime", "op": "range", "lo": 1704633493, "hi": 1748866550}, {"attr": "tpep_pickup_datetime", "op": "range", "lo": 1712396499, "hi": 1757976847}], "most_selective_attr": "PULocationID"}
r	{"filters": [{"attr": "PULocationID", "op": "eq", "value": 90}, {"attr": "passenger_count", "op": "range", "lo": 1.0, "hi": 5.0}, {"attr": "tpep_dropoff_datetime", "op": "range", "lo": 1711564152, "hi": 1764172212}, {"attr": "fare_amount", "op": "range", "lo": 8.69, "hi": 70.0}], "most_selective_attr": "PULocationID"}
r	{"filters": [{"attr": "PULocationID", "op": "eq", "value": 43}, {"attr": "passenger_count", "op": "range", "lo": -1.0, "hi": 2.0}, {"attr": "tpep_pickup_datetime", "op": "range", "lo": 1707263532, "hi": 1741456685}, {"attr": "fare_amount", "op": "range", "lo": 9.3, "hi": 38.7}], "most_selective_attr": "PULocationID"}
r	{"filters": [{"attr": "tpep_dropoff_datetime", "op": "range", "lo": 1727218106, "hi": 1750958056}, {"attr": "fare_amount", "op": "range", "lo": 12.1, "hi": 24.5}, {"attr": "passenger_count", "op": "range", "lo": 1.0, "hi": 2.0}, {"attr": "tpep_pickup_datetime", "op": "range", "lo": 1749572647, "hi": 1759266876}], "most_selective_attr": "tpep_pickup_datetime"}
r	{"filters": [{"attr": "PULocationID", "op": "eq", "value": 236}, {"attr": "tpep_dropoff_datetime", "op": "range", "lo": 1709929690, "hi": 1742557031}, {"attr": "tpep_pickup_datetime", "op": "range", "lo": 1714314187, "hi": 1730580041}, {"attr": "passenger_count", "op": "range", "lo": 1.0, "hi": 1.01}], "most_selective_attr": "PULocationID"}
r	{"filters": [{"attr": "PULocationID", "op": "eq", "value": 249}, {"attr": "passenger_count", "op": "range", "lo": -1.0, "hi": 1.0}, {"attr": "tpep_pickup_datetime", "op": "range", "lo": 1709238529, "hi": 1759397485}, {"attr": "fare_amount", "op": "range", "lo": 11.4, "hi": 32.36}], "most_selective_attr": "PULocationID"}
r	{"filters": [{"attr": "PULocationID", "op": "eq", "value": 262}, {"attr": "passenger_count", "op": "range", "lo": 1.0, "hi": 2.0}, {"attr": "tpep_dropoff_datetime", "op": "range", "lo": 1721343688, "hi": 1754192705}, {"attr": "tpep_pickup_datetime", "op": "range", "lo": 1720546313, "hi": 1760373520}], "most_selective_attr": "PULocationID"}
r	{"filters": [{"attr": "tpep_dropoff_datetime", "op": "range", "lo": 1723050217, "hi": 1752397562}, {"attr": "fare_amount", "op": "range", "lo": 14.2, "hi": 18.4}, {"attr": "tpep_pickup_datetime", "op": "range", "lo": 1746825234, "hi": 1756900432}, {"attr": "passenger_count", "op": "range", "lo": 1.0, "hi": 2.0}], "most_selective_attr": "fare_amount"}
r	{"filters": [{"attr": "DOLocationID", "op": "eq", "value": 161}, {"attr": "tpep_dropoff_datetime", "op": "range", "lo": 1704454400, "hi": 1750557075}, {"attr": "fare_amount", "op": "range", "lo": -70.0, "hi": 10.7}, {"attr": "passenger_count", "op": "range", "lo": 1.0, "hi": 1.01}], "most_selective_attr": "DOLocationID"}
r	{"filters": [{"attr": "PULocationID", "op": "eq", "value": 230}, {"attr": "fare_amount", "op": "range", "lo": 14.2, "hi": 70.0}, {"attr": "tpep_pickup_datetime", "op": "range", "lo": 1738716489, "hi": 1760513949}, {"attr": "tpep_dropoff_datetime", "op": "range", "lo": 1721672157, "hi": 1763669346}], "most_selective_attr": "PULocationID"}
r	{"filters": [{"attr": "DOLocationID", "op": "eq", "value": 246}, {"attr": "tpep_pickup_datetime", "op": "range", "lo": 1710595245, "hi": 1739955036}, {"attr": "passenger_count", "op": "range", "lo": -1.0, "hi": 2.0}, {"attr": "tpep_dropoff_datetime", "op": "range", "lo": 1714762430, "hi": 1760785216}], "most_selective_attr": "DOLocationID"}
r	{"filters": [{"attr": "tpep_pickup_datetime", "op": "range", "lo": 1748237476, "hi": 1761222897}, {"attr": "fare_amount", "op": "range", "lo": 9.3, "hi": 15.6}, {"attr": "passenger_count", "op": "range", "lo": -1.0, "hi": 1.0}, {"attr": "tpep_dropoff_datetime", "op": "range", "lo": 1744550228, "hi": 1756168628}], "most_selective_attr": "passenger_count"}
r	{"filters": [{"attr": "PULocationID", "op": "eq", "value": 230}, {"attr": "tpep_dropoff_datetime", "op": "range", "lo": 1730981411, "hi": 1759513812}, {"attr": "passenger_count", "op": "range", "lo": 1.0, "hi": 1.01}, {"attr": "fare_amount", "op": "range", "lo": 12.8, "hi": 70.0}], "most_selective_attr": "PULocationID"}
r	{"filters": [{"attr": "tpep_pickup_datetime", "op": "range", "lo": 1707997800, "hi": 1733599600}, {"attr": "tpep_dropoff_datetime", "op": "range", "lo": 1731074165, "hi": 1744292937}, {"attr": "passenger_count", "op": "range", "lo": -1.0, "hi": 1.0}, {"attr": "fare_amount", "op": "range", "lo": 14.9, "hi": 21.9}], "most_selective_attr": "passenger_count"}
r	{"filters": [{"attr": "DOLocationID", "op": "eq", "value": 186}, {"attr": "tpep_pickup_datetime", "op": "range", "lo": 1731342207, "hi": 1764010908}, {"attr": "tpep_dropoff_datetime", "op": "range", "lo": 1712521611, "hi": 1749537686}, {"attr": "fare_amount", "op": "range", "lo": 3.7, "hi": 21.9}], "most_selective_attr": "DOLocationID"}
r	{"filters": [{"attr": "PULocationID", "op": "eq", "value": 140}, {"attr": "tpep_pickup_datetime", "op": "range", "lo": 1708151271, "hi": 1754501633}, {"attr": "tpep_dropoff_datetime", "op": "range", "lo": 1716987635, "hi": 1756135663}, {"attr": "passenger_count", "op": "range", "lo": 1.0, "hi": 3.0}], "most_selective_attr": "PULocationID"}
r	{"filters": [{"attr": "PULocationID", "op": "eq", "value": 141}, {"attr": "passenger_count", "op": "range", "lo": 1.0, "hi": 2.0}, {"attr": "fare_amount", "op": "range", "lo": 8.6, "hi": 54.1}, {"attr": "tpep_dropoff_datetime", "op": "range", "lo": 1708268408, "hi": 1753823911}], "most_selective_attr": "PULocationID"}
r	{"filters": [{"attr": "DOLocationID", "op": "eq", "value": 234}, {"attr": "tpep_dropoff_datetime", "op": "range", "lo": 1710163071, "hi": 1755364176}, {"attr": "fare_amount", "op": "range", "lo": 7.9, "hi": 21.9}, {"attr": "tpep_pickup_datetime", "op": "range", "lo": 1718394254, "hi": 1749138993}], "most_selective_attr": "DOLocationID"}
r	{"filters": [{"attr": "passenger_count", "op": "range", "lo": 1.0, "hi": 1.01}, {"attr": "fare_amount", "op": "range", "lo": 8.6, "hi": 13.5}, {"attr": "tpep_dropoff_datetime", "op": "range", "lo": 1750304340, "hi": 1762276818}, {"attr": "tpep_pickup_datetime", "op": "range", "lo": 1731922343, "hi": 1751700900}], "most_selective_attr": "tpep_dropoff_datetime"}
r	{"filters": [{"attr": "PULocationID", "op": "eq", "value": 68}, {"attr": "fare_amount", "op": "range", "lo": 7.2, "hi": 22.6}, {"attr": "tpep_dropoff_datetime", "op": "range", "lo": 1725248161, "hi": 1752171991}, {"attr": "passenger_count", "op": "range", "lo": 1.0, "hi": 2.0}], "most_selective_attr": "PULocationID"}
r	{"filters": [{"attr": "PULocationID", "op": "eq", "value": 100}, {"attr": "tpep_dropoff_datetime", "op": "range", "lo": 1706535958, "hi": 1732483616}, {"attr": "fare_amount", "op": "range", "lo": 6.5, "hi": 32.5}, {"attr": "passenger_count", "op": "range", "lo": 0.0, "hi": 3.0}], "most_selective_attr": "PULocationID"}
r	{"filters": [{"attr": "PULocationID", "op": "eq", "value": 68}, {"attr": "passenger_count", "op": "range", "lo": 1.0, "hi": 1.01}, {"attr": "fare_amount", "op": "range", "lo": 8.6, "hi": 14.2}, {"attr": "tpep_dropoff_datetime", "op": "range", "lo": 1705068811, "hi": 1747068589}], "most_selective_attr": "PULocationID"}
r	{"filters": [{"attr": "DOLocationID", "op": "eq", "value": 246}, {"attr": "tpep_pickup_datetime", "op": "range", "lo": 1737653273, "hi": 1764164594}, {"attr": "passenger_count", "op": "range", "lo": 1.0, "hi": 2.0}, {"attr": "tpep_dropoff_datetime", "op": "range", "lo": 1722413205, "hi": 1766671939}], "most_selective_attr": "DOLocationID"}
r	{"filters": [{"attr": "DOLocationID", "op": "eq", "value": 239}, {"attr": "fare_amount", "op": "range", "lo": 10.0, "hi": 26.8}, {"attr": "passenger_count", "op": "range", "lo": 1.0, "hi": 2.0}, {"attr": "tpep_pickup_datetime", "op": "range", "lo": 1730634370, "hi": 1765630048}], "most_selective_attr": "DOLocationID"}
r	{"filters": [{"attr": "DOLocationID", "op": "eq", "value": 170}, {"attr": "tpep_pickup_datetime", "op": "range", "lo": 1715763542, "hi": 1758180931}, {"attr": "passenger_count", "op": "range", "lo": 1.0, "hi": 2.0}, {"attr": "tpep_dropoff_datetime", "op": "range", "lo": 1728464081, "hi": 1754863958}], "most_selective_attr": "DOLocationID"}
r	{"filters": [{"attr": "PULocationID", "op": "eq", "value": 237}, {"attr": "tpep_pickup_datetime", "op": "range", "lo": 1725400084, "hi": 1740729106}, {"attr": "fare_amount", "op": "range", "lo": -4.75, "hi": 11.4}, {"attr": "tpep_dropoff_datetime", "op": "range", "lo": 1713965128, "hi": 1757787060}], "most_selective_attr": "PULocationID"}
r	{"filters": [{"attr": "PULocationID", "op": "eq", "value": 162}, {"attr": "passenger_count", "op": "range", "lo": -1.0, "hi": 1.0}, {"attr": "tpep_pickup_datetime", "op": "range", "lo": 1728460668, "hi": 1764261120}, {"attr": "fare_amount", "op": "range", "lo": 8.6, "hi": 29.8}], "most_selective_attr": "PULocationID"}
r	{"filters": [{"attr": "DOLocationID", "op": "eq", "value": 142}, {"attr": "passenger_count", "op": "range", "lo": 1.0, "hi": 2.0}, {"attr": "tpep_dropoff_datetime", "op": "range", "lo": 1727048447, "hi": 1765269615}, {"attr": "tpep_pickup_datetime", "op": "range", "lo": 1737364664, "hi": 1765094143}], "most_selective_attr": "DOLocationID"}
r	{"filters": [{"attr": "DOLocationID", "op": "eq", "value": 231}, {"attr": "fare_amount", "op": "range", "lo": 9.3, "hi": 71.6}, {"attr": "tpep_dropoff_datetime", "op": "range", "lo": 1720988799, "hi": 1748795454}, {"attr": "passenger_count", "op": "range", "lo": 1.0, "hi": 2.0}], "most_selective_attr": "DOLocationID"}
r	{"filters": [{"attr": "DOLocationID", "op": "eq", "value": 237}, {"attr": "fare_amount", "op": "range", "lo": 6.5, "hi": 23.3}, {"attr": "tpep_pickup_datetime", "op": "range", "lo": 1711488433, "hi": 1726702483}, {"attr": "tpep_dropoff_datetime", "op": "range", "lo": 1716494100, "hi": 1755286990}], "most_selective_attr": "DOLocationID"}
r	{"filters": [{"attr": "PULocationID", "op": "eq", "value": 140}, {"attr": "fare_amount", "op": "range", "lo": 11.4, "hi": 25.72}, {"attr": "tpep_pickup_datetime", "op": "range", "lo": 1706986674, "hi": 1755347052}, {"attr": "tpep_dropoff_datetime", "op": "range", "lo": 1704891006, "hi": 1746727633}], "most_selective_attr": "PULocationID"}
r	{"filters": [{"attr": "DOLocationID", "op": "eq", "value": 141}, {"attr": "tpep_pickup_datetime", "op": "range", "lo": 1732366070, "hi": 1762160885}, {"attr": "tpep_dropoff_datetime", "op": "range", "lo": 1731787166, "hi": 1759440239}, {"attr": "passenger_count", "op": "range", "lo": 1.0, "hi": 4.0}], "most_selective_attr": "DOLocationID"}
r	{"filters": [{"attr": "DOLocationID", "op": "eq", "value": 140}, {"attr": "passenger_count", "op": "range", "lo": -1.0, "hi": 1.0}, {"attr": "tpep_dropoff_datetime", "op": "range", "lo": 1714766509, "hi": 1762970259}, {"attr": "tpep_pickup_datetime", "op": "range", "lo": 1704449288, "hi": 1751741700}], "most_selective_attr": "DOLocationID"}
r	{"filters": [{"attr": "PULocationID", "op": "eq", "value": 238}, {"attr": "tpep_pickup_datetime", "op": "range", "lo": 1713696685, "hi": 1751545675}, {"attr": "tpep_dropoff_datetime", "op": "range", "lo": 1725202271, "hi": 1757201921}, {"attr": "passenger_count", "op": "range", "lo": -1.0, "hi": 1.0}], "most_selective_attr": "PULocationID"}
r	{"filters": [{"attr": "DOLocationID", "op": "eq", "value": 141}, {"attr": "fare_amount", "op": "range", "lo": 12.8, "hi": 40.1}, {"attr": "tpep_pickup_datetime", "op": "range", "lo": 1730577621, "hi": 1760952023}, {"attr": "tpep_dropoff_datetime", "op": "range", "lo": 1729268378, "hi": 1762944054}], "most_selective_attr": "DOLocationID"}
r	{"filters": [{"attr": "PULocationID", "op": "eq", "value": 163}, {"attr": "tpep_dropoff_datetime", "op": "range", "lo": 1725769894, "hi": 1762837300}, {"attr": "passenger_count", "op": "range", "lo": -1.0, "hi": 1.0}, {"attr": "tpep_pickup_datetime", "op": "range", "lo": 1728929519, "hi": 1760636935}], "most_selective_attr": "PULocationID"}
r	{"filters": [{"attr": "DOLocationID", "op": "eq", "value": 164}, {"attr": "passenger_count", "op": "range", "lo": -1.0, "hi": 1.0}, {"attr": "tpep_pickup_datetime", "op": "range", "lo": 1710631404, "hi": 1759511264}, {"attr": "tpep_dropoff_datetime", "op": "range", "lo": 1732707324, "hi": 1762781327}], "most_selective_attr": "DOLocationID"}
r	{"filters": [{"attr": "PULocationID", "op": "eq", "value": 262}, {"attr": "fare_amount", "op": "range", "lo": -4.75, "hi": 12.1}, {"attr": "tpep_dropoff_datetime", "op": "range", "lo": 1723549720, "hi": 1764091120}, {"attr": "passenger_count", "op": "range", "lo": 1.0, "hi": 4.0}], "most_selective_attr": "PULocationID"}
r	{"filters": [{"attr": "PULocationID", "op": "eq", "value": 239}, {"attr": "passenger_count", "op": "range", "lo": -1.0, "hi": 1.0}, {"attr": "fare_amount", "op": "range", "lo": 13.5, "hi": 31.0}, {"attr": "tpep_dropoff_datetime", "op": "range", "lo": 1720547349, "hi": 1762899242}], "most_selective_attr": "PULocationID"}
r	{"filters": [{"attr": "PULocationID", "op": "eq", "value": 162}, {"attr": "tpep_dropoff_datetime", "op": "range", "lo": 1728507230, "hi": 1765654430}, {"attr": "fare_amount", "op": "range", "lo": 8.6, "hi": 22.6}, {"attr": "tpep_pickup_datetime", "op": "range", "lo": 1718014387, "hi": 1750837750}], "most_selective_attr": "PULocationID"}
r	{"filters": [{"attr": "DOLocationID", "op": "eq", "value": 164}, {"attr": "passenger_count", "op": "range", "lo": -1.0, "hi": 1.0}, {"attr": "tpep_dropoff_datetime", "op": "range", "lo": 1721255985, "hi": 1761070607}, {"attr": "fare_amount", "op": "range", "lo": 5.8, "hi": 23.3}], "most_selective_attr": "DOLocationID"}
r	{"filters": [{"attr": "DOLocationID", "op": "eq", "value": 246}, {"attr": "tpep_dropoff_datetime", "op": "range", "lo": 1713638171, "hi": 1760223111}, {"attr": "fare_amount", "op": "range", "lo": 5.1, "hi": 43.6}, {"attr": "passenger_count", "op": "range", "lo": -1.0, "hi": 1.0}], "most_selective_attr": "DOLocationID"}
r	{"filters": [{"attr": "DOLocationID", "op": "eq", "value": 236}, {"attr": "fare_amount", "op": "range", "lo": 12.1, "hi": 36.6}, {"attr": "tpep_dropoff_datetime", "op": "range", "lo": 1732300817, "hi": 1767096532}, {"attr": "tpep_pickup_datetime", "op": "range", "lo": 1723039485, "hi": 1764862524}], "most_selective_attr": "DOLocationID"}
r	{"filters": [{"attr": "DOLocationID", "op": "eq", "value": 239}, {"attr": "fare_amount", "op": "range", "lo": -7.9, "hi": 14.9}, {"attr": "passenger_count", "op": "range", "lo": -1.0, "hi": 1.0}, {"attr": "tpep_pickup_datetime", "op": "range", "lo": 1729174762, "hi": 1762174348}], "most_selective_attr": "DOLocationID"}
r	{"filters": [{"attr": "DOLocationID", "op": "eq", "value": 68}, {"attr": "fare_amount", "op": "range", "lo": 11.4, "hi": 25.67}, {"attr": "passenger_count", "op": "range", "lo": 1.0, "hi": 3.0}, {"attr": "tpep_dropoff_datetime", "op": "range", "lo": 1727703803, "hi": 1762440830}], "most_selective_attr": "DOLocationID"}
r	{"filters": [{"attr": "PULocationID", "op": "eq", "value": 138}, {"attr": "passenger_count", "op": "range", "lo": 1.0, "hi": 2.0}, {"attr": "tpep_dropoff_datetime", "op": "range", "lo": 1711382653, "hi": 1750248833}, {"attr": "tpep_pickup_datetime", "op": "range", "lo": 1710330409, "hi": 1729584162}], "most_selective_attr": "PULocationID"}
r	{"filters": [{"attr": "PULocationID", "op": "eq", "value": 140}, {"attr": "tpep_dropoff_datetime", "op": "range", "lo": 1709850873, "hi": 1752625406}, {"attr": "passenger_count", "op": "range", "lo": 1.0, "hi": 2.0}, {"attr": "fare_amount", "op": "range", "lo": 10.7, "hi": 44.14}], "most_selective_attr": "PULocationID"}
r	{"filters": [{"attr": "DOLocationID", "op": "eq", "value": 75}, {"attr": "fare_amount", "op": "range", "lo": 6.5, "hi": 36.45}, {"attr": "tpep_dropoff_datetime", "op": "range", "lo": 1721114667, "hi": 1764508338}, {"attr": "tpep_pickup_datetime", "op": "range", "lo": 1723673064, "hi": 1753047401}], "most_selective_attr": "DOLocationID"}
r	{"filters": [{"attr": "DOLocationID", "op": "eq", "value": 186}, {"attr": "fare_amount", "op": "range", "lo": 7.9, "hi": 65.0}, {"attr": "tpep_dropoff_datetime", "op": "range", "lo": 1738509173, "hi": 1758101757}, {"attr": "tpep_pickup_datetime", "op": "range", "lo": 1724281517, "hi": 1763689025}], "most_selective_attr": "DOLocationID"}
r	{"filters": [{"attr": "PULocationID", "op": "eq", "value": 140}, {"attr": "passenger_count", "op": "range", "lo": 1.0, "hi": 1.01}, {"attr": "tpep_pickup_datetime", "op": "range", "lo": 1727379731, "hi": 1761065645}, {"attr": "fare_amount", "op": "range", "lo": 8.6, "hi": 26.8}], "most_selective_attr": "PULocationID"}
r	{"filters": [{"attr": "DOLocationID", "op": "eq", "value": 142}, {"attr": "passenger_count", "op": "range", "lo": 1.0, "hi": 1.01}, {"attr": "fare_amount", "op": "range", "lo": 5.8, "hi": 17.73}, {"attr": "tpep_dropoff_datetime", "op": "range", "lo": 1715964553, "hi": 1759871982}], "most_selective_attr": "DOLocationID"}
r	{"filters": [{"attr": "PULocationID", "op": "eq", "value": 43}, {"attr": "passenger_count", "op": "range", "lo": 1.0, "hi": 5.0}, {"attr": "tpep_dropoff_datetime", "op": "range", "lo": 1715195192, "hi": 1740177107}, {"attr": "tpep_pickup_datetime", "op": "range", "lo": 1718235971, "hi": 1756334437}], "most_selective_attr": "PULocationID"}
r	{"filters": [{"attr": "PULocationID", "op": "eq", "value": 230}, {"attr": "fare_amount", "op": "range", "lo": 6.5, "hi": 18.6}, {"attr": "tpep_dropoff_datetime", "op": "range", "lo": 1706042400, "hi": 1739518499}, {"attr": "tpep_pickup_datetime", "op": "range", "lo": 1726934460, "hi": 1753123283}], "most_selective_attr": "PULocationID"}
r	{"filters": [{"attr": "fare_amount", "op": "range", "lo": 14.2, "hi": 30.3}, {"attr": "tpep_pickup_datetime", "op": "range", "lo": 1719063269, "hi": 1732707958}, {"attr": "tpep_dropoff_datetime", "op": "range", "lo": 1726818173, "hi": 1738596805}, {"attr": "passenger_count", "op": "range", "lo": -1.0, "hi": 1.0}], "most_selective_attr": "tpep_dropoff_datetime"}
r	{"filters": [{"attr": "PULocationID", "op": "eq", "value": 90}, {"attr": "tpep_pickup_datetime", "op": "range", "lo": 1714450779, "hi": 1767134554}, {"attr": "passenger_count", "op": "range", "lo": -1.0, "hi": 1.0}, {"attr": "fare_amount", "op": "range", "lo": 12.8, "hi": 36.96}], "most_selective_attr": "PULocationID"}
r	{"filters": [{"attr": "PULocationID", "op": "eq", "value": 107}, {"attr": "tpep_dropoff_datetime", "op": "range", "lo": 1718909513, "hi": 1750999042}, {"attr": "fare_amount", "op": "range", "lo": 7.9, "hi": 34.5}, {"attr": "tpep_pickup_datetime", "op": "range", "lo": 1711481495, "hi": 1742732812}], "most_selective_attr": "PULocationID"}
r	{"filters": [{"attr": "PULocationID", "op": "eq", "value": 186}, {"attr": "tpep_pickup_datetime", "op": "range", "lo": 1707410289, "hi": 1733135932}, {"attr": "tpep_dropoff_datetime", "op": "range", "lo": 1714936925, "hi": 1757431096}, {"attr": "passenger_count", "op": "range", "lo": 1.0, "hi": 1.01}], "most_selective_attr": "PULocationID"}
r	{"filters": [{"attr": "PULocationID", "op": "eq", "value": 170}, {"attr": "tpep_pickup_datetime", "op": "range", "lo": 1708443502, "hi": 1742275029}, {"attr": "passenger_count", "op": "range", "lo": 1.0, "hi": 1.01}, {"attr": "fare_amount", "op": "range", "lo": 5.1, "hi": 15.6}], "most_selective_attr": "PULocationID"}
r	{"filters": [{"attr": "DOLocationID", "op": "eq", "value": 233}, {"attr": "tpep_pickup_datetime", "op": "range", "lo": 1730449799, "hi": 1758111800}, {"attr": "tpep_dropoff_datetime", "op": "range", "lo": 1711365221, "hi": 1759572140}, {"attr": "passenger_count", "op": "range", "lo": -1.0, "hi": 2.0}], "most_selective_attr": "DOLocationID"}
r	{"filters": [{"attr": "PULocationID", "op": "eq", "value": 262}, {"attr": "passenger_count", "op": "range", "lo": 1.0, "hi": 6.0}, {"attr": "tpep_pickup_datetime", "op": "range", "lo": 1712783300, "hi": 1762120205}, {"attr": "tpep_dropoff_datetime", "op": "range", "lo": 1706823051, "hi": 1752184471}], "most_selective_attr": "PULocationID"}
r	{"filters": [{"attr": "PULocationID", "op": "eq", "value": 142}, {"attr": "fare_amount", "op": "range", "lo": 12.1, "hi": 40.8}, {"attr": "passenger_count", "op": "range", "lo": -1.0, "hi": 1.0}, {"attr": "tpep_dropoff_datetime", "op": "range", "lo": 1710839016, "hi": 1757610517}], "most_selective_attr": "PULocationID"}
r	{"filters": [{"attr": "PULocationID", "op": "eq", "value": 229}, {"attr": "tpep_pickup_datetime", "op": "range", "lo": 1717183200, "hi": 1757935724}, {"attr": "fare_amount", "op": "range", "lo": 9.3, "hi": 22.6}, {"attr": "passenger_count", "op": "range", "lo": -1.0, "hi": 2.0}], "most_selective_attr": "PULocationID"}
r	{"filters": [{"attr": "PULocationID", "op": "eq", "value": 162}, {"attr": "passenger_count", "op": "range", "lo": 1.0, "hi": 2.0}, {"attr": "tpep_pickup_datetime", "op": "range", "lo": 1733214363, "hi": 1761649365}, {"attr": "fare_amount", "op": "range", "lo": 7.2, "hi": 31.0}], "most_selective_attr": "PULocationID"}
r	{"filters": [{"attr": "PULocationID", "op": "eq", "value": 114}, {"attr": "passenger_count", "op": "range", "lo": -1.0, "hi": 1.0}, {"attr": "fare_amount", "op": "range", "lo": 6.5, "hi": 40.5}, {"attr": "tpep_dropoff_datetime", "op": "range", "lo": 1711962867, "hi": 1756848312}], "most_selective_attr": "PULocationID"}
r	{"filters": [{"attr": "DOLocationID", "op": "eq", "value": 262}, {"attr": "tpep_dropoff_datetime", "op": "range", "lo": 1715557729, "hi": 1757432758}, {"attr": "tpep_pickup_datetime", "op": "range", "lo": 1725710530, "hi": 1763474005}, {"attr": "fare_amount", "op": "range", "lo": 7.9, "hi": 19.1}], "most_selective_attr": "DOLocationID"}
r	{"filters": [{"attr": "DOLocationID", "op": "eq", "value": 186}, {"attr": "tpep_dropoff_datetime", "op": "range", "lo": 1725064037, "hi": 1756367168}, {"attr": "fare_amount", "op": "range", "lo": 6.5, "hi": 16.3}, {"attr": "tpep_pickup_datetime", "op": "range", "lo": 1718198626, "hi": 1744119193}], "most_selective_attr": "DOLocationID"}
r	{"filters": [{"attr": "DOLocationID", "op": "eq", "value": 246}, {"attr": "tpep_pickup_datetime", "op": "range", "lo": 1729438772, "hi": 1753618392}, {"attr": "tpep_dropoff_datetime", "op": "range", "lo": 1718296305, "hi": 1761578040}, {"attr": "fare_amount", "op": "range", "lo": 10.7, "hi": 35.9}], "most_selective_attr": "DOLocationID"}
r	{"filters": [{"attr": "DOLocationID", "op": "eq", "value": 237}, {"attr": "tpep_pickup_datetime", "op": "range", "lo": 1725293579, "hi": 1750754560}, {"attr": "passenger_count", "op": "range", "lo": 1.0, "hi": 1.01}, {"attr": "fare_amount", "op": "range", "lo": 5.8, "hi": 14.9}], "most_selective_attr": "DOLocationID"}
r	{"filters": [{"attr": "PULocationID", "op": "eq", "value": 237}, {"attr": "passenger_count", "op": "range", "lo": 1.0, "hi": 1.01}, {"attr": "fare_amount", "op": "range", "lo": 18.4, "hi": 48.5}, {"attr": "tpep_dropoff_datetime", "op": "range", "lo": 1721290881, "hi": 1756816408}], "most_selective_attr": "PULocationID"}
r	{"filters": [{"attr": "DOLocationID", "op": "eq", "value": 163}, {"attr": "tpep_dropoff_datetime", "op": "range", "lo": 1709643238, "hi": 1756204364}, {"attr": "fare_amount", "op": "range", "lo": 14.9, "hi": 70.0}, {"attr": "tpep_pickup_datetime", "op": "range", "lo": 1708513185, "hi": 1747678654}], "most_selective_attr": "DOLocationID"}
r	{"filters": [{"attr": "DOLocationID", "op": "eq", "value": 137}, {"attr": "tpep_dropoff_datetime", "op": "range", "lo": 1712955711, "hi": 1765178477}, {"attr": "fare_amount", "op": "range", "lo": 4.0, "hi": 41.5}, {"attr": "tpep_pickup_datetime", "op": "range", "lo": 1708795445, "hi": 1757289081}], "most_selective_attr": "DOLocationID"}
r	{"filters": [{"attr": "PULocationID", "op": "eq", "value": 161}, {"attr": "tpep_dropoff_datetime", "op": "range", "lo": 1713700824, "hi": 1747048870}, {"attr": "passenger_count", "op": "range", "lo": 1.0, "hi": 6.0}, {"attr": "fare_amount", "op": "range", "lo": 17.0, "hi": 78.6}], "most_selective_attr": "PULocationID"}
r	{"filters": [{"attr": "DOLocationID", "op": "eq", "value": 137}, {"attr": "tpep_pickup_datetime", "op": "range", "lo": 1712874454, "hi": 1756858044}, {"attr": "passenger_count", "op": "range", "lo": -1.0, "hi": 4.0}, {"attr": "tpep_dropoff_datetime", "op": "range", "lo": 1719750628, "hi": 1762805702}], "most_selective_attr": "DOLocationID"}
r	{"filters": [{"attr": "fare_amount", "op": "range", "lo": 13.5, "hi": 18.8}, {"attr": "tpep_dropoff_datetime", "op": "range", "lo": 1717087205, "hi": 1726604289}, {"attr": "passenger_count", "op": "range", "lo": -1.0, "hi": 1.0}, {"attr": "tpep_pickup_datetime", "op": "range", "lo": 1708297455, "hi": 1730884425}], "most_selective_attr": "tpep_dropoff_datetime"}
r	{"filters": [{"attr": "PULocationID", "op": "eq", "value": 141}, {"attr": "passenger_count", "op": "range", "lo": -1.0, "hi": 5.0}, {"attr": "tpep_pickup_datetime", "op": "range", "lo": 1717447725, "hi": 1749479312}, {"attr": "fare_amount", "op": "range", "lo": 8.6, "hi": 15.6}], "most_selective_attr": "PULocationID"}
r	{"filters": [{"attr": "DOLocationID", "op": "eq", "value": 237}, {"attr": "passenger_count", "op": "range", "lo": 1.0, "hi": 2.0}, {"attr": "tpep_dropoff_datetime", "op": "range", "lo": 1732389642, "hi": 1752341229}, {"attr": "fare_amount", "op": "range", "lo": 8.97, "hi": 17.0}], "most_selective_attr": "DOLocationID"}
r	{"filters": [{"attr": "PULocationID", "op": "eq", "value": 148}, {"attr": "passenger_count", "op": "range", "lo": -1.0, "hi": 3.0}, {"attr": "tpep_dropoff_datetime", "op": "range", "lo": 1723107052, "hi": 1762086457}, {"attr": "tpep_pickup_datetime", "op": "range", "lo": 1713393000, "hi": 1747426381}], "most_selective_attr": "PULocationID"}
r	{"filters": [{"attr": "PULocationID", "op": "eq", "value": 164}, {"attr": "passenger_count", "op": "range", "lo": 1.0, "hi": 2.0}, {"attr": "tpep_pickup_datetime", "op": "range", "lo": 1722164071, "hi": 1751726298}, {"attr": "fare_amount", "op": "range", "lo": 7.2, "hi": 14.9}], "most_selective_attr": "PULocationID"}
r	{"filters": [{"attr": "PULocationID", "op": "eq", "value": 170}, {"attr": "passenger_count", "op": "range", "lo": 1.0, "hi": 2.0}, {"attr": "tpep_pickup_datetime", "op": "range", "lo": 1728327772, "hi": 1766087442}, {"attr": "fare_amount", "op": "range", "lo": 5.8, "hi": 16.3}], "most_selective_attr": "PULocationID"}
r	{"filters": [{"attr": "PULocationID", "op": "eq", "value": 140}, {"attr": "tpep_dropoff_datetime", "op": "range", "lo": 1712375817, "hi": 1749905687}, {"attr": "fare_amount", "op": "range", "lo": 7.9, "hi": 20.81}, {"attr": "passenger_count", "op": "range", "lo": 1.0, "hi": 3.0}], "most_selective_attr": "PULocationID"}
r	{"filters": [{"attr": "DOLocationID", "op": "eq", "value": 79}, {"attr": "fare_amount", "op": "range", "lo": -6.68, "hi": 11.4}, {"attr": "passenger_count", "op": "range", "lo": 1.0, "hi": 4.0}, {"attr": "tpep_dropoff_datetime", "op": "range", "lo": 1735839278, "hi": 1767225463}], "most_selective_attr": "DOLocationID"}
r	{"filters": [{"attr": "PULocationID", "op": "eq", "value": 164}, {"attr": "fare_amount", "op": "range", "lo": 7.9, "hi": 31.7}, {"attr": "tpep_dropoff_datetime", "op": "range", "lo": 1715949053, "hi": 1762535587}, {"attr": "tpep_pickup_datetime", "op": "range", "lo": 1733782162, "hi": 1752869255}], "most_selective_attr": "PULocationID"}
r	{"filters": [{"attr": "PULocationID", "op": "eq", "value": 239}, {"attr": "passenger_count", "op": "range", "lo": -1.0, "hi": 1.0}, {"attr": "tpep_pickup_datetime", "op": "range", "lo": 1707165013, "hi": 1744362217}, {"attr": "fare_amount", "op": "range", "lo": 12.1, "hi": 85.0}], "most_selective_attr": "PULocationID"}
r	{"filters": [{"attr": "PULocationID", "op": "eq", "value": 163}, {"attr": "fare_amount", "op": "range", "lo": 10.7, "hi": 70.0}, {"attr": "passenger_count", "op": "range", "lo": 1.0, "hi": 2.0}, {"attr": "tpep_pickup_datetime", "op": "range", "lo": 1716106613, "hi": 1762177089}], "most_selective_attr": "PULocationID"}
r	{"filters": [{"attr": "DOLocationID", "op": "eq", "value": 234}, {"attr": "fare_amount", "op": "range", "lo": 9.3, "hi": 70.0}, {"attr": "tpep_pickup_datetime", "op": "range", "lo": 1712753178, "hi": 1751073632}, {"attr": "passenger_count", "op": "range", "lo": 1.0, "hi": 2.0}], "most_selective_attr": "DOLocationID"}
r	{"filters": [{"attr": "PULocationID", "op": "eq", "value": 148}, {"attr": "fare_amount", "op": "range", "lo": 4.4, "hi": 38.0}, {"attr": "passenger_count", "op": "range", "lo": 1.0, "hi": 1.01}, {"attr": "tpep_dropoff_datetime", "op": "range", "lo": 1707655375, "hi": 1755952026}], "most_selective_attr": "PULocationID"}
r	{"filters": [{"attr": "PULocationID", "op": "eq", "value": 238}, {"attr": "passenger_count", "op": "range", "lo": 1.0, "hi": 2.0}, {"attr": "tpep_pickup_datetime", "op": "range", "lo": 1712252605, "hi": 1756674297}, {"attr": "fare_amount", "op": "range", "lo": 9.3, "hi": 30.7}], "most_selective_attr": "PULocationID"}
r	{"filters": [{"attr": "DOLocationID", "op": "eq", "value": 48}, {"attr": "fare_amount", "op": "range", "lo": 10.7, "hi": 27.5}, {"attr": "tpep_dropoff_datetime", "op": "range", "lo": 1719183561, "hi": 1757949262}, {"attr": "passenger_count", "op": "range", "lo": 1.0, "hi": 1.01}], "most_selective_attr": "DOLocationID"}
r	{"filters": [{"attr": "PULocationID", "op": "eq", "value": 79}, {"attr": "tpep_pickup_datetime", "op": "range", "lo": 1725024770, "hi": 1753203575}, {"attr": "passenger_count", "op": "range", "lo": 1.0, "hi": 2.0}, {"attr": "fare_amount", "op": "range", "lo": 10.0, "hi": 25.4}], "most_selective_attr": "PULocationID"}
r	{"filters": [{"attr": "PULocationID", "op": "eq", "value": 142}, {"attr": "tpep_dropoff_datetime", "op": "range", "lo": 1734730314, "hi": 1757344391}, {"attr": "passenger_count", "op": "range", "lo": 1.0, "hi": 1.01}, {"attr": "tpep_pickup_datetime", "op": "range", "lo": 1707960704, "hi": 1754228621}], "most_selective_attr": "PULocationID"}
r	{"filters": [{"attr": "DOLocationID", "op": "eq", "value": 68}, {"attr": "passenger_count", "op": "range", "lo": 1.0, "hi": 2.0}, {"attr": "tpep_dropoff_datetime", "op": "range", "lo": 1704218542, "hi": 1738885292}, {"attr": "tpep_pickup_datetime", "op": "range", "lo": 1710014421, "hi": 1733506818}], "most_selective_attr": "DOLocationID"}
r	{"filters": [{"attr": "DOLocationID", "op": "eq", "value": 162}, {"attr": "tpep_pickup_datetime", "op": "range", "lo": 1740175755, "hi": 1759768110}, {"attr": "fare_amount", "op": "range", "lo": 7.9, "hi": 13.5}, {"attr": "tpep_dropoff_datetime", "op": "range", "lo": 1705526445, "hi": 1748952772}], "most_selective_attr": "DOLocationID"}
r	{"filters": [{"attr": "tpep_dropoff_datetime", "op": "range", "lo": 1747857768, "hi": 1765627140}, {"attr": "fare_amount", "op": "range", "lo": 12.1, "hi": 20.5}, {"attr": "tpep_pickup_datetime", "op": "range", "lo": 1736612429, "hi": 1748620983}, {"attr": "passenger_count", "op": "range", "lo": 1.0, "hi": 1.01}], "most_selective_attr": "tpep_pickup_datetime"}
r	{"filters": [{"attr": "DOLocationID", "op": "eq", "value": 107}, {"attr": "tpep_dropoff_datetime", "op": "range", "lo": 1717714200, "hi": 1750983212}, {"attr": "tpep_pickup_datetime", "op": "range", "lo": 1732139768, "hi": 1762895570}, {"attr": "passenger_count", "op": "range", "lo": -1.0, "hi": 2.0}], "most_selective_attr": "DOLocationID"}
r	{"filters": [{"attr": "DOLocationID", "op": "eq", "value": 79}, {"attr": "fare_amount", "op": "range", "lo": 4.4, "hi": 14.2}, {"attr": "passenger_count", "op": "range", "lo": 1.0, "hi": 2.0}, {"attr": "tpep_pickup_datetime", "op": "range", "lo": 1710577971, "hi": 1761159552}], "most_selective_attr": "DOLocationID"}
r	{"filters": [{"attr": "tpep_pickup_datetime", "op": "range", "lo": 1709648218, "hi": 1733254748}, {"attr": "fare_amount", "op": "range", "lo": 20.04, "hi": 55.5}, {"attr": "tpep_dropoff_datetime", "op": "range", "lo": 1731694280, "hi": 1746442236}, {"attr": "passenger_count", "op": "range", "lo": 1.0, "hi": 1.01}], "most_selective_attr": "tpep_dropoff_datetime"}
r	{"filters": [{"attr": "DOLocationID", "op": "eq", "value": 114}, {"attr": "tpep_dropoff_datetime", "op": "range", "lo": 1709161763, "hi": 1742418172}, {"attr": "tpep_pickup_datetime", "op": "range", "lo": 1725297708, "hi": 1763166856}, {"attr": "passenger_count", "op": "range", "lo": -1.0, "hi": 2.0}], "most_selective_attr": "DOLocationID"}
r	{"filters": [{"attr": "PULocationID", "op": "eq", "value": 230}, {"attr": "tpep_pickup_datetime", "op": "range", "lo": 1734137182, "hi": 1759619554}, {"attr": "fare_amount", "op": "range", "lo": 10.0, "hi": 52.7}, {"attr": "tpep_dropoff_datetime", "op": "range", "lo": 1726263654, "hi": 1746084132}], "most_selective_attr": "PULocationID"}
r	{"filters": [{"attr": "PULocationID", "op": "eq", "value": 238}, {"attr": "fare_amount", "op": "range", "lo": -12.8, "hi": 10.7}, {"attr": "passenger_count", "op": "range", "lo": 0.0, "hi": 2.0}, {"attr": "tpep_dropoff_datetime", "op": "range", "lo": 1719696094, "hi": 1763453545}], "most_selective_attr": "PULocationID"}
r	{"filters": [{"attr": "PULocationID", "op": "eq", "value": 90}, {"attr": "tpep_dropoff_datetime", "op": "range", "lo": 1707260054, "hi": 1753375822}, {"attr": "fare_amount", "op": "range", "lo": -10.0, "hi": 14.9}, {"attr": "tpep_pickup_datetime", "op": "range", "lo": 1706469472, "hi": 1734688983}], "most_selective_attr": "PULocationID"}
r	{"filters": [{"attr": "DOLocationID", "op": "eq", "value": 233}, {"attr": "tpep_pickup_datetime", "op": "range", "lo": 1719828409, "hi": 1759433814}, {"attr": "passenger_count", "op": "range", "lo": 1.0, "hi": 2.0}, {"attr": "tpep_dropoff_datetime", "op": "range", "lo": 1713970011, "hi": 1760214473}], "most_selective_attr": "DOLocationID"}
r	{"filters": [{"attr": "tpep_pickup_datetime", "op": "range", "lo": 1733596299, "hi": 1749087900}, {"attr": "tpep_dropoff_datetime", "op": "range", "lo": 1748611343, "hi": 1757196196}, {"attr": "passenger_count", "op": "range", "lo": 1.0, "hi": 1.01}, {"attr": "fare_amount", "op": "range", "lo": 12.8, "hi": 26.12}], "most_selective_attr": "tpep_dropoff_datetime"}
r	{"filters": [{"attr": "DOLocationID", "op": "eq", "value": 90}, {"attr": "tpep_pickup_datetime", "op": "range", "lo": 1715589484, "hi": 1766312679}, {"attr": "fare_amount", "op": "range", "lo": 10.59, "hi": 36.6}, {"attr": "tpep_dropoff_datetime", "op": "range", "lo": 1708821343, "hi": 1755966944}], "most_selective_attr": "DOLocationID"}
r	{"filters": [{"attr": "tpep_pickup_datetime", "op": "range", "lo": 1736069194, "hi": 1747402436}, {"attr": "fare_amount", "op": "range", "lo": 12.1, "hi": 26.47}, {"attr": "passenger_count", "op": "range", "lo": -1.0, "hi": 1.0}, {"attr": "tpep_dropoff_datetime", "op": "range", "lo": 1743159161, "hi": 1754934146}], "most_selective_attr": "passenger_count"}
r	{"filters": [{"attr": "PULocationID", "op": "eq", "value": 231}, {"attr": "passenger_count", "op": "range", "lo": -1.0, "hi": 2.0}, {"attr": "tpep_pickup_datetime", "op": "range", "lo": 1709195470, "hi": 1755901207}, {"attr": "tpep_dropoff_datetime", "op": "range", "lo": 1705253086, "hi": 1758908543}], "most_selective_attr": "PULocationID"}
r	{"filters": [{"attr": "PULocationID", "op": "eq", "value": 107}, {"attr": "tpep_dropoff_datetime", "op": "range", "lo": 1708630077, "hi": 1752914068}, {"attr": "tpep_pickup_datetime", "op": "range", "lo": 1719606891, "hi": 1746610764}, {"attr": "fare_amount", "op": "range", "lo": 8.6, "hi": 33.1}], "most_selective_attr": "PULocationID"}
r	{"filters": [{"attr": "DOLocationID", "op": "eq", "value": 237}, {"attr": "tpep_dropoff_datetime", "op": "range", "lo": 1704817679, "hi": 1724503969}, {"attr": "fare_amount", "op": "range", "lo": -4.75, "hi": 14.9}, {"attr": "passenger_count", "op": "range", "lo": 1.0, "hi": 2.0}], "most_selective_attr": "DOLocationID"}
r	{"filters": [{"attr": "DOLocationID", "op": "eq", "value": 48}, {"attr": "passenger_count", "op": "range", "lo": 1.0, "hi": 2.0}, {"attr": "fare_amount", "op": "range", "lo": 4.4, "hi": 27.78}, {"attr": "tpep_dropoff_datetime", "op": "range", "lo": 1708977579, "hi": 1750398853}], "most_selective_attr": "DOLocationID"}
r	{"filters": [{"attr": "PULocationID", "op": "eq", "value": 231}, {"attr": "tpep_pickup_datetime", "op": "range", "lo": 1720893058, "hi": 1762475065}, {"attr": "fare_amount", "op": "range", "lo": 12.8, "hi": 71.6}, {"attr": "passenger_count", "op": "range", "lo": 1.0, "hi": 1.01}], "most_selective_attr": "PULocationID"}
r	{"filters": [{"attr": "DOLocationID", "op": "eq", "value": 233}, {"attr": "tpep_pickup_datetime", "op": "range", "lo": 1716639591, "hi": 1761654025}, {"attr": "fare_amount", "op": "range", "lo": 7.2, "hi": 58.3}, {"attr": "passenger_count", "op": "range", "lo": -1.0, "hi": 4.0}], "most_selective_attr": "DOLocationID"}
r	{"filters": [{"attr": "PULocationID", "op": "eq", "value": 263}, {"attr": "passenger_count", "op": "range", "lo": 1.0, "hi": 2.0}, {"attr": "fare_amount", "op": "range", "lo": -8.44, "hi": 12.8}, {"attr": "tpep_pickup_datetime", "op": "range", "lo": 1707850009, "hi": 1761247004}], "most_selective_attr": "PULocationID"}
r	{"filters": [{"attr": "PULocationID", "op": "eq", "value": 141}, {"attr": "fare_amount", "op": "range", "lo": -1.5, "hi": 20.5}, {"attr": "passenger_count", "op": "range", "lo": -1.0, "hi": 1.0}, {"attr": "tpep_dropoff_datetime", "op": "range", "lo": 1711056876, "hi": 1758235028}], "most_selective_attr": "PULocationID"}
r	{"filters": [{"attr": "PULocationID", "op": "eq", "value": 68}, {"attr": "tpep_pickup_datetime", "op": "range", "lo": 1710678448, "hi": 1762559193}, {"attr": "tpep_dropoff_datetime", "op": "range", "lo": 1711660274, "hi": 1751712136}, {"attr": "passenger_count", "op": "range", "lo": -1.0, "hi": 1.0}], "most_selective_attr": "PULocationID"}
r	{"filters": [{"attr": "DOLocationID", "op": "eq", "value": 246}, {"attr": "fare_amount", "op": "range", "lo": 12.1, "hi": 89.1}, {"attr": "tpep_pickup_datetime", "op": "range", "lo": 1717518756, "hi": 1754571293}, {"attr": "passenger_count", "op": "range", "lo": -1.0, "hi": 1.0}], "most_selective_attr": "DOLocationID"}
r	{"filters": [{"attr": "DOLocationID", "op": "eq", "value": 141}, {"attr": "tpep_pickup_datetime", "op": "range", "lo": 1709243312, "hi": 1747569794}, {"attr": "fare_amount", "op": "range", "lo": 7.9, "hi": 14.2}, {"attr": "tpep_dropoff_datetime", "op": "range", "lo": 1712073778, "hi": 1744019856}], "most_selective_attr": "DOLocationID"}
r	{"filters": [{"attr": "DOLocationID", "op": "eq", "value": 79}, {"attr": "tpep_pickup_datetime", "op": "range", "lo": 1730853008, "hi": 1759030891}, {"attr": "tpep_dropoff_datetime", "op": "range", "lo": 1712922331, "hi": 1749138639}, {"attr": "fare_amount", "op": "range", "lo": 7.9, "hi": 19.1}], "most_selective_attr": "DOLocationID"}
r	{"filters": [{"attr": "fare_amount", "op": "range", "lo": -3.8, "hi": 7.9}, {"attr": "tpep_pickup_datetime", "op": "range", "lo": 1725454283, "hi": 1744546966}, {"attr": "tpep_dropoff_datetime", "op": "range", "lo": 1709315927, "hi": 1731523312}, {"attr": "passenger_count", "op": "range", "lo": 1.0, "hi": 1.01}], "most_selective_attr": "fare_amount"}
r	{"filters": [{"attr": "PULocationID", "op": "eq", "value": 114}, {"attr": "fare_amount", "op": "range", "lo": 8.6, "hi": 82.69}, {"attr": "tpep_pickup_datetime", "op": "range", "lo": 1716732266, "hi": 1742732616}, {"attr": "tpep_dropoff_datetime", "op": "range", "lo": 1710966761, "hi": 1761959063}], "most_selective_attr": "PULocationID"}
r	{"filters": [{"attr": "PULocationID", "op": "eq", "value": 100}, {"attr": "tpep_dropoff_datetime", "op": "range", "lo": 1718524177, "hi": 1744629089}, {"attr": "tpep_pickup_datetime", "op": "range", "lo": 1722193562, "hi": 1761260930}, {"attr": "fare_amount", "op": "range", "lo": 5.8, "hi": 70.0}], "most_selective_attr": "PULocationID"}
r	{"filters": [{"attr": "DOLocationID", "op": "eq", "value": 170}, {"attr": "fare_amount", "op": "range", "lo": -15.6, "hi": 14.2}, {"attr": "tpep_pickup_datetime", "op": "range", "lo": 1715009995, "hi": 1757578756}, {"attr": "tpep_dropoff_datetime", "op": "range", "lo": 1734306702, "hi": 1762635359}], "most_selective_attr": "DOLocationID"}
r	{"filters": [{"attr": "PULocationID", "op": "eq", "value": 107}, {"attr": "tpep_dropoff_datetime", "op": "range", "lo": 1731818251, "hi": 1764348622}, {"attr": "passenger_count", "op": "range", "lo": -1.0, "hi": 2.0}, {"attr": "fare_amount", "op": "range", "lo": 8.6, "hi": 51.3}], "most_selective_attr": "PULocationID"}
r	{"filters": [{"attr": "DOLocationID", "op": "eq", "value": 141}, {"attr": "fare_amount", "op": "range", "lo": 10.0, "hi": 25.68}, {"attr": "passenger_count", "op": "range", "lo": -1.0, "hi": 2.0}, {"attr": "tpep_dropoff_datetime", "op": "range", "lo": 1708157952, "hi": 1746966103}], "most_selective_attr": "DOLocationID"}
r	{"filters": [{"attr": "PULocationID", "op": "eq", "value": 236}, {"attr": "tpep_dropoff_datetime", "op": "range", "lo": 1705196234, "hi": 1737641380}, {"attr": "passenger_count", "op": "range", "lo": 1.0, "hi": 1.01}, {"attr": "fare_amount", "op": "range", "lo": 6.5, "hi": 12.8}], "most_selective_attr": "PULocationID"}
r	{"filters": [{"attr": "passenger_count", "op": "range", "lo": 1.0, "hi": 1.01}, {"attr": "tpep_pickup_datetime", "op": "range", "lo": 1726015268, "hi": 1744757414}, {"attr": "fare_amount", "op": "range", "lo": 8.6, "hi": 10.7}, {"attr": "tpep_dropoff_datetime", "op": "range", "lo": 1741020175, "hi": 1760111963}], "most_selective_attr": "fare_amount"}
r	{"filters": [{"attr": "tpep_pickup_datetime", "op": "range", "lo": 1729460675, "hi": 1746199826}, {"attr": "tpep_dropoff_datetime", "op": "range", "lo": 1724161522, "hi": 1749943146}, {"attr": "passenger_count", "op": "range", "lo": -1.0, "hi": 1.0}, {"attr": "fare_amount", "op": "range", "lo": 9.18, "hi": 14.2}], "most_selective_attr": "passenger_count"}
r	{"filters": [{"attr": "PULocationID", "op": "eq", "value": 144}, {"attr": "tpep_pickup_datetime", "op": "range", "lo": 1715173821, "hi": 1758987730}, {"attr": "fare_amount", "op": "range", "lo": 6.5, "hi": 25.4}, {"attr": "passenger_count", "op": "range", "lo": 1.0, "hi": 1.01}], "most_selective_attr": "PULocationID"}
r	{"filters": [{"attr": "DOLocationID", "op": "eq", "value": 229}, {"attr": "fare_amount", "op": "range", "lo": 7.9, "hi": 17.7}, {"attr": "passenger_count", "op": "range", "lo": -1.0, "hi": 4.0}, {"attr": "tpep_dropoff_datetime", "op": "range", "lo": 1715628467, "hi": 1746309900}], "most_selective_attr": "DOLocationID"}
r	{"filters": [{"attr": "DOLocationID", "op": "eq", "value": 229}, {"attr": "tpep_dropoff_datetime", "op": "range", "lo": 1709577819, "hi": 1751044270}, {"attr": "tpep_pickup_datetime", "op": "range", "lo": 1705484981, "hi": 1742612244}, {"attr": "passenger_count", "op": "range", "lo": -1.0, "hi": 1.0}], "most_selective_attr": "DOLocationID"}
r	{"filters": [{"attr": "DOLocationID", "op": "eq", "value": 231}, {"attr": "tpep_pickup_datetime", "op": "range", "lo": 1730920063, "hi": 1749393726}, {"attr": "passenger_count", "op": "range", "lo": -1.0, "hi": 2.0}, {"attr": "tpep_dropoff_datetime", "op": "range", "lo": 1723039741, "hi": 1753579261}], "most_selective_attr": "DOLocationID"}
r	{"filters": [{"attr": "PULocationID", "op": "eq", "value": 140}, {"attr": "fare_amount", "op": "range", "lo": 6.5, "hi": 14.2}, {"attr": "passenger_count", "op": "range", "lo": -1.0, "hi": 2.0}, {"attr": "tpep_pickup_datetime", "op": "range", "lo": 1713571500, "hi": 1750353720}], "most_selective_attr": "PULocationID"}
r	{"filters": [{"attr": "DOLocationID", "op": "eq", "value": 143}, {"attr": "fare_amount", "op": "range", "lo": 8.6, "hi": 42.9}, {"attr": "tpep_dropoff_datetime", "op": "range", "lo": 1715451407, "hi": 1758907445}, {"attr": "passenger_count", "op": "range", "lo": -1.0, "hi": 2.0}], "most_selective_attr": "DOLocationID"}
r	{"filters": [{"attr": "DOLocationID", "op": "eq", "value": 239}, {"attr": "fare_amount", "op": "range", "lo": -4.4, "hi": 22.86}, {"attr": "tpep_pickup_datetime", "op": "range", "lo": 1710975881, "hi": 1737128565}, {"attr": "tpep_dropoff_datetime", "op": "range", "lo": 1727362099, "hi": 1756830711}], "most_selective_attr": "DOLocationID"}
r	{"filters": [{"attr": "PULocationID", "op": "eq", "value": 163}, {"attr": "tpep_dropoff_datetime", "op": "range", "lo": 1722606935, "hi": 1763649208}, {"attr": "tpep_pickup_datetime", "op": "range", "lo": 1718972242, "hi": 1760891664}, {"attr": "fare_amount", "op": "range", "lo": 7.9, "hi": 14.9}], "most_selective_attr": "PULocationID"}
r	{"filters": [{"attr": "fare_amount", "op": "range", "lo": 9.3, "hi": 12.8}, {"attr": "passenger_count", "op": "range", "lo": -1.0, "hi": 1.0}, {"attr": "tpep_pickup_datetime", "op": "range", "lo": 1722962824, "hi": 1742092931}, {"attr": "tpep_dropoff_datetime", "op": "range", "lo": 1716804781, "hi": 1731803804}], "most_selective_attr": "passenger_count"}
r	{"filters": [{"attr": "DOLocationID", "op": "eq", "value": 233}, {"attr": "tpep_dropoff_datetime", "op": "range", "lo": 1707343489, "hi": 1760919778}, {"attr": "tpep_pickup_datetime", "op": "range", "lo": 1716067781, "hi": 1746019140}, {"attr": "fare_amount", "op": "range", "lo": 5.8, "hi": 34.5}], "most_selective_attr": "DOLocationID"}
r	{"filters": [{"attr": "PULocationID", "op": "eq", "value": 163}, {"attr": "fare_amount", "op": "range", "lo": 3.0, "hi": 13.5}, {"attr": "tpep_dropoff_datetime", "op": "range", "lo": 1726905495, "hi": 1741483433}, {"attr": "passenger_count", "op": "range", "lo": 1.0, "hi": 2.0}], "most_selective_attr": "PULocationID"}
r	{"filters": [{"attr": "DOLocationID", "op": "eq", "value": 50}, {"attr": "tpep_pickup_datetime", "op": "range", "lo": 1709993210, "hi": 1766429787}, {"attr": "passenger_count", "op": "range", "lo": -1.0, "hi": 3.0}, {"attr": "fare_amount", "op": "range", "lo": 5.8, "hi": 19.1}], "most_selective_attr": "DOLocationID"}
r	{"filters": [{"attr": "PULocationID", "op": "eq", "value": 230}, {"attr": "fare_amount", "op": "range", "lo": 15.6, "hi": 36.29}, {"attr": "tpep_pickup_datetime", "op": "range", "lo": 1726785780, "hi": 1761221270}, {"attr": "tpep_dropoff_datetime", "op": "range", "lo": 1716692949, "hi": 1754556740}], "most_selective_attr": "PULocationID"}
r	{"filters": [{"attr": "PULocationID", "op": "eq", "value": 48}, {"attr": "fare_amount", "op": "range", "lo": 7.2, "hi": 25.4}, {"attr": "passenger_count", "op": "range", "lo": 1.0, "hi": 4.0}, {"attr": "tpep_pickup_datetime", "op": "range", "lo": 1710411443, "hi": 1748031584}], "most_selective_attr": "PULocationID"}
r	{"filters": [{"attr": "PULocationID", "op": "eq", "value": 162}, {"attr": "fare_amount", "op": "range", "lo": -4.75, "hi": 16.66}, {"attr": "tpep_dropoff_datetime", "op": "range", "lo": 1731151716, "hi": 1756429136}, {"attr": "tpep_pickup_datetime", "op": "range", "lo": 1726512569, "hi": 1761125426}], "most_selective_attr": "PULocationID"}
r	{"filters": [{"attr": "PULocationID", "op": "eq", "value": 143}, {"attr": "passenger_count", "op": "range", "lo": 1.0, "hi": 1.01}, {"attr": "fare_amount", "op": "range", "lo": 4.4, "hi": 30.3}, {"attr": "tpep_dropoff_datetime", "op": "range", "lo": 1706119467, "hi": 1766141105}], "most_selective_attr": "PULocationID"}
r	{"filters": [{"attr": "PULocationID", "op": "eq", "value": 68}, {"attr": "tpep_dropoff_datetime", "op": "range", "lo": 1712952355, "hi": 1750530671}, {"attr": "tpep_pickup_datetime", "op": "range", "lo": 1731689814, "hi": 1767123355}, {"attr": "passenger_count", "op": "range", "lo": -1.0, "hi": 1.0}], "most_selective_attr": "PULocationID"}
r	{"filters": [{"attr": "PULocationID", "op": "eq", "value": 239}, {"attr": "passenger_count", "op": "range", "lo": 1.0, "hi": 2.0}, {"attr": "tpep_pickup_datetime", "op": "range", "lo": 1706411397, "hi": 1749076110}, {"attr": "fare_amount", "op": "range", "lo": -4.75, "hi": 16.99}], "most_selective_attr": "PULocationID"}
r	{"filters": [{"attr": "DOLocationID", "op": "eq", "value": 107}, {"attr": "tpep_dropoff_datetime", "op": "range", "lo": 1731441895, "hi": 1760560579}, {"attr": "passenger_count", "op": "range", "lo": 1.0, "hi": 4.0}, {"attr": "fare_amount", "op": "range", "lo": 7.2, "hi": 52.7}], "most_selective_attr": "DOLocationID"}
r	{"filters": [{"attr": "PULocationID", "op": "eq", "value": 236}, {"attr": "tpep_dropoff_datetime", "op": "range", "lo": 1739442530, "hi": 1759326021}, {"attr": "tpep_pickup_datetime", "op": "range", "lo": 1728038147, "hi": 1751137013}, {"attr": "fare_amount", "op": "range", "lo": 10.7, "hi": 40.1}], "most_selective_attr": "PULocationID"}
r	{"filters": [{"attr": "DOLocationID", "op": "eq", "value": 230}, {"attr": "tpep_pickup_datetime", "op": "range", "lo": 1710931044, "hi": 1761045360}, {"attr": "tpep_dropoff_datetime", "op": "range", "lo": 1743766509, "hi": 1765299431}, {"attr": "fare_amount", "op": "range", "lo": 6.5, "hi": 15.6}], "most_selective_attr": "DOLocationID"}
r	{"filters": [{"attr": "fare_amount", "op": "range", "lo": 5.1, "hi": 8.6}, {"attr": "tpep_dropoff_datetime", "op": "range", "lo": 1736197955, "hi": 1750802211}, {"attr": "tpep_pickup_datetime", "op": "range", "lo": 1726867904, "hi": 1748871601}, {"attr": "passenger_count", "op": "range", "lo": -1.0, "hi": 1.0}], "most_selective_attr": "fare_amount"}
r	{"filters": [{"attr": "DOLocationID", "op": "eq", "value": 140}, {"attr": "passenger_count", "op": "range", "lo": -1.0, "hi": 2.0}, {"attr": "tpep_dropoff_datetime", "op": "range", "lo": 1706296454, "hi": 1731722237}, {"attr": "tpep_pickup_datetime", "op": "range", "lo": 1712010286, "hi": 1747855715}], "most_selective_attr": "DOLocationID"}
r	{"filters": [{"attr": "DOLocationID", "op": "eq", "value": 68}, {"attr": "tpep_pickup_datetime", "op": "range", "lo": 1705514912, "hi": 1743606614}, {"attr": "tpep_dropoff_datetime", "op": "range", "lo": 1714039940, "hi": 1761340982}, {"attr": "passenger_count", "op": "range", "lo": -1.0, "hi": 1.0}], "most_selective_attr": "DOLocationID"}
r	{"filters": [{"attr": "DOLocationID", "op": "eq", "value": 262}, {"attr": "tpep_pickup_datetime", "op": "range", "lo": 1712415227, "hi": 1762695487}, {"attr": "passenger_count", "op": "range", "lo": -1.0, "hi": 3.0}, {"attr": "fare_amount", "op": "range", "lo": -4.75, "hi": 14.25}], "most_selective_attr": "DOLocationID"}
r	{"filters": [{"attr": "PULocationID", "op": "eq", "value": 229}, {"attr": "tpep_dropoff_datetime", "op": "range", "lo": 1713794908, "hi": 1744976771}, {"attr": "fare_amount", "op": "range", "lo": 10.7, "hi": 70.0}, {"attr": "tpep_pickup_datetime", "op": "range", "lo": 1706254770, "hi": 1750027041}], "most_selective_attr": "PULocationID"}
r	{"filters": [{"attr": "DOLocationID", "op": "eq", "value": 113}, {"attr": "tpep_dropoff_datetime", "op": "range", "lo": 1713466612, "hi": 1764416464}, {"attr": "tpep_pickup_datetime", "op": "range", "lo": 1715280846, "hi": 1737289460}, {"attr": "passenger_count", "op": "range", "lo": 1.0, "hi": 1.01}], "most_selective_attr": "DOLocationID"}
r	{"filters": [{"attr": "PULocationID", "op": "eq", "value": 90}, {"attr": "tpep_pickup_datetime", "op": "range", "lo": 1735056808, "hi": 1765021899}, {"attr": "fare_amount", "op": "range", "lo": 6.5, "hi": 46.4}, {"attr": "passenger_count", "op": "range", "lo": -1.0, "hi": 1.0}], "most_selective_attr": "PULocationID"}
r	{"filters": [{"attr": "DOLocationID", "op": "eq", "value": 249}, {"attr": "passenger_count", "op": "range", "lo": 1.0, "hi": 1.01}, {"attr": "tpep_dropoff_datetime", "op": "range", "lo": 1709996041, "hi": 1753775772}, {"attr": "fare_amount", "op": "range", "lo": 7.9, "hi": 15.6}], "most_selective_attr": "DOLocationID"}
r	{"filters": [{"attr": "PULocationID", "op": "eq", "value": 113}, {"attr": "passenger_count", "op": "range", "lo": 1.0, "hi": 2.0}, {"attr": "tpep_pickup_datetime", "op": "range", "lo": 1719607815, "hi": 1758309377}, {"attr": "fare_amount", "op": "range", "lo": 7.2, "hi": 22.16}], "most_selective_attr": "PULocationID"}
r	{"filters": [{"attr": "PULocationID", "op": "eq", "value": 233}, {"attr": "tpep_dropoff_datetime", "op": "range", "lo": 1706392316, "hi": 1762043248}, {"attr": "passenger_count", "op": "range", "lo": -1.0, "hi": 2.0}, {"attr": "tpep_pickup_datetime", "op": "range", "lo": 1705835694, "hi": 1766062184}], "most_selective_attr": "PULocationID"}
r	{"filters": [{"attr": "PULocationID", "op": "eq", "value": 107}, {"attr": "passenger_count", "op": "range", "lo": 1.0, "hi": 1.01}, {"attr": "tpep_dropoff_datetime", "op": "range", "lo": 1736713635, "hi": 1759167447}, {"attr": "tpep_pickup_datetime", "op": "range", "lo": 1716228744, "hi": 1753301106}], "most_selective_attr": "PULocationID"}
r	{"filters": [{"attr": "DOLocationID", "op": "eq", "value": 48}, {"attr": "fare_amount", "op": "range", "lo": 8.6, "hi": 70.0}, {"attr": "tpep_dropoff_datetime", "op": "range", "lo": 1714308247, "hi": 1749857559}, {"attr": "tpep_pickup_datetime", "op": "range", "lo": 1718023513, "hi": 1736675186}], "most_selective_attr": "DOLocationID"}
r	{"filters": [{"attr": "PULocationID", "op": "eq", "value": 132}, {"attr": "fare_amount", "op": "range", "lo": 14.9, "hi": 49.2}, {"attr": "tpep_dropoff_datetime", "op": "range", "lo": 1729877471, "hi": 1757874737}, {"attr": "passenger_count", "op": "range", "lo": 1.0, "hi": 2.0}], "most_selective_attr": "PULocationID"}
r	{"filters": [{"attr": "tpep_pickup_datetime", "op": "range", "lo": 1742120050, "hi": 1749154221}, {"attr": "passenger_count", "op": "range", "lo": 1.0, "hi": 1.01}, {"attr": "tpep_dropoff_datetime", "op": "range", "lo": 1716828089, "hi": 1743376811}, {"attr": "fare_amount", "op": "range", "lo": 7.9, "hi": 12.8}], "most_selective_attr": "tpep_pickup_datetime"}
r	{"filters": [{"attr": "fare_amount", "op": "range", "lo": 17.0, "hi": 24.0}, {"attr": "passenger_count", "op": "range", "lo": 1.0, "hi": 2.0}, {"attr": "tpep_dropoff_datetime", "op": "range", "lo": 1738184097, "hi": 1761082504}, {"attr": "tpep_pickup_datetime", "op": "range", "lo": 1730382859, "hi": 1742636264}], "most_selective_attr": "fare_amount"}
r	{"filters": [{"attr": "DOLocationID", "op": "eq", "value": 186}, {"attr": "fare_amount", "op": "range", "lo": 7.2, "hi": 26.1}, {"attr": "passenger_count", "op": "range", "lo": -1.0, "hi": 1.0}, {"attr": "tpep_dropoff_datetime", "op": "range", "lo": 1715289999, "hi": 1762816917}], "most_selective_attr": "DOLocationID"}
r	{"filters": [{"attr": "DOLocationID", "op": "eq", "value": 137}, {"attr": "tpep_dropoff_datetime", "op": "range", "lo": 1715294031, "hi": 1763704051}, {"attr": "tpep_pickup_datetime", "op": "range", "lo": 1704872576, "hi": 1748467849}, {"attr": "passenger_count", "op": "range", "lo": -1.0, "hi": 3.0}], "most_selective_attr": "DOLocationID"}
r	{"filters": [{"attr": "PULocationID", "op": "eq", "value": 161}, {"attr": "fare_amount", "op": "range", "lo": 10.0, "hi": 17.57}, {"attr": "tpep_pickup_datetime", "op": "range", "lo": 1743632259, "hi": 1767025654}, {"attr": "passenger_count", "op": "range", "lo": 1.0, "hi": 4.0}], "most_selective_attr": "PULocationID"}
r	{"filters": [{"attr": "PULocationID", "op": "eq", "value": 161}, {"attr": "tpep_dropoff_datetime", "op": "range", "lo": 1734312901, "hi": 1762076638}, {"attr": "fare_amount", "op": "range", "lo": 14.2, "hi": 67.4}, {"attr": "tpep_pickup_datetime", "op": "range", "lo": 1721562302, "hi": 1755892236}], "most_selective_attr": "PULocationID"}
r	{"filters": [{"attr": "DOLocationID", "op": "eq", "value": 68}, {"attr": "tpep_dropoff_datetime", "op": "range", "lo": 1717768138, "hi": 1747930338}, {"attr": "fare_amount", "op": "range", "lo": 10.7, "hi": 70.0}, {"attr": "passenger_count", "op": "range", "lo": -1.0, "hi": 1.0}], "most_selective_attr": "DOLocationID"}
r	{"filters": [{"attr": "PULocationID", "op": "eq", "value": 230}, {"attr": "passenger_count", "op": "range", "lo": 1.0, "hi": 2.0}, {"attr": "tpep_dropoff_datetime", "op": "range", "lo": 1715812947, "hi": 1755455300}, {"attr": "fare_amount", "op": "range", "lo": 3.0, "hi": 13.5}], "most_selective_attr": "PULocationID"}
r	{"filters": [{"attr": "DOLocationID", "op": "eq", "value": 161}, {"attr": "tpep_pickup_datetime", "op": "range", "lo": 1736265702, "hi": 1757259382}, {"attr": "tpep_dropoff_datetime", "op": "range", "lo": 1706406524, "hi": 1746011131}, {"attr": "fare_amount", "op": "range", "lo": 7.2, "hi": 19.8}], "most_selective_attr": "DOLocationID"}
r	{"filters": [{"attr": "DOLocationID", "op": "eq", "value": 142}, {"attr": "tpep_pickup_datetime", "op": "range", "lo": 1743877584, "hi": 1766751577}, {"attr": "fare_amount", "op": "range", "lo": 5.1, "hi": 15.6}, {"attr": "passenger_count", "op": "range", "lo": 1.0, "hi": 1.01}], "most_selective_attr": "DOLocationID"}
r	{"filters": [{"attr": "PULocationID", "op": "eq", "value": 161}, {"attr": "tpep_dropoff_datetime", "op": "range", "lo": 1727991537, "hi": 1765131170}, {"attr": "fare_amount", "op": "range", "lo": 10.0, "hi": 31.7}, {"attr": "tpep_pickup_datetime", "op": "range", "lo": 1715346485, "hi": 1739468506}], "most_selective_attr": "PULocationID"}
r	{"filters": [{"attr": "PULocationID", "op": "eq", "value": 161}, {"attr": "tpep_dropoff_datetime", "op": "range", "lo": 1729642010, "hi": 1761033656}, {"attr": "fare_amount", "op": "range", "lo": 16.3, "hi": 440.0}, {"attr": "passenger_count", "op": "range", "lo": -1.0, "hi": 1.0}], "most_selective_attr": "PULocationID"}
r	{"filters": [{"attr": "fare_amount", "op": "range", "lo": 15.6, "hi": 20.15}, {"attr": "tpep_pickup_datetime", "op": "range", "lo": 1717772937, "hi": 1739645179}, {"attr": "tpep_dropoff_datetime", "op": "range", "lo": 1720609584, "hi": 1742695138}, {"attr": "passenger_count", "op": "range", "lo": -1.0, "hi": 1.0}], "most_selective_attr": "fare_amount"}
r	{"filters": [{"attr": "PULocationID", "op": "eq", "value": 138}, {"attr": "tpep_dropoff_datetime", "op": "range", "lo": 1714840793, "hi": 1751478659}, {"attr": "tpep_pickup_datetime", "op": "range", "lo": 1724694447, "hi": 1751847877}, {"attr": "passenger_count", "op": "range", "lo": 1.0, "hi": 2.0}], "most_selective_attr": "PULocationID"}
r	{"filters": [{"attr": "PULocationID", "op": "eq", "value": 186}, {"attr": "passenger_count", "op": "range", "lo": 1.0, "hi": 1.01}, {"attr": "fare_amount", "op": "range", "lo": 8.6, "hi": 18.36}, {"attr": "tpep_pickup_datetime", "op": "range", "lo": 1733677538, "hi": 1765467943}], "most_selective_attr": "PULocationID"}
r	{"filters": [{"attr": "DOLocationID", "op": "eq", "value": 138}, {"attr": "passenger_count", "op": "range", "lo": -1.0, "hi": 3.0}, {"attr": "tpep_pickup_datetime", "op": "range", "lo": 1714319755, "hi": 1763907735}, {"attr": "tpep_dropoff_datetime", "op": "range", "lo": 1722855785, "hi": 1765987445}], "most_selective_attr": "DOLocationID"}
r	{"filters": [{"attr": "tpep_dropoff_datetime", "op": "range", "lo": 1728821521, "hi": 1741529776}, {"attr": "fare_amount", "op": "range", "lo": 17.0, "hi": 43.6}, {"attr": "passenger_count", "op": "range", "lo": -1.0, "hi": 1.0}, {"attr": "tpep_pickup_datetime", "op": "range", "lo": 1704070830, "hi": 1732008076}], "most_selective_attr": "passenger_count"}
r	{"filters": [{"attr": "PULocationID", "op": "eq", "value": 162}, {"attr": "passenger_count", "op": "range", "lo": 1.0, "hi": 2.0}, {"attr": "tpep_dropoff_datetime", "op": "range", "lo": 1707409770, "hi": 1740130973}, {"attr": "fare_amount", "op": "range", "lo": 7.2, "hi": 14.9}], "most_selective_attr": "PULocationID"}
r	{"filters": [{"attr": "PULocationID", "op": "eq", "value": 237}, {"attr": "tpep_pickup_datetime", "op": "range", "lo": 1716572707, "hi": 1737735670}, {"attr": "fare_amount", "op": "range", "lo": 10.7, "hi": 31.0}, {"attr": "tpep_dropoff_datetime", "op": "range", "lo": 1722881338, "hi": 1752524843}], "most_selective_attr": "PULocationID"}
r	{"filters": [{"attr": "PULocationID", "op": "eq", "value": 144}, {"attr": "tpep_dropoff_datetime", "op": "range", "lo": 1715081987, "hi": 1765825182}, {"attr": "fare_amount", "op": "range", "lo": 3.0, "hi": 38.0}, {"attr": "passenger_count", "op": "range", "lo": 1.0, "hi": 2.0}], "most_selective_attr": "PULocationID"}
r	{"filters": [{"attr": "PULocationID", "op": "eq", "value": 100}, {"attr": "fare_amount", "op": "range", "lo": 15.52, "hi": 70.0}, {"attr": "tpep_dropoff_datetime", "op": "range", "lo": 1710892231, "hi": 1756504195}, {"attr": "tpep_pickup_datetime", "op": "range", "lo": 1709640753, "hi": 1764276381}], "most_selective_attr": "PULocationID"}
r	{"filters": [{"attr": "passenger_count", "op": "range", "lo": 1.0, "hi": 1.01}, {"attr": "fare_amount", "op": "range", "lo": 4.4, "hi": 10.0}, {"attr": "tpep_pickup_datetime", "op": "range", "lo": 1729171800, "hi": 1743429273}, {"attr": "tpep_dropoff_datetime", "op": "range", "lo": 1742561929, "hi": 1762361104}], "most_selective_attr": "tpep_pickup_datetime"}
r	{"filters": [{"attr": "PULocationID", "op": "eq", "value": 233}, {"attr": "tpep_pickup_datetime", "op": "range", "lo": 1722273066, "hi": 1759014991}, {"attr": "fare_amount", "op": "range", "lo": 6.5, "hi": 36.71}, {"attr": "tpep_dropoff_datetime", "op": "range", "lo": 1717132659, "hi": 1767153249}], "most_selective_attr": "PULocationID"}
r	{"filters": [{"attr": "DOLocationID", "op": "eq", "value": 79}, {"attr": "fare_amount", "op": "range", "lo": 9.3, "hi": 30.3}, {"attr": "tpep_dropoff_datetime", "op": "range", "lo": 1722346967, "hi": 1748522957}, {"attr": "passenger_count", "op": "range", "lo": 1.0, "hi": 2.0}], "most_selective_attr": "DOLocationID"}
r	{"filters": [{"attr": "DOLocationID", "op": "eq", "value": 238}, {"attr": "tpep_pickup_datetime", "op": "range", "lo": 1710554275, "hi": 1761092042}, {"attr": "passenger_count", "op": "range", "lo": -1.0, "hi": 2.0}, {"attr": "tpep_dropoff_datetime", "op": "range", "lo": 1736783250, "hi": 1758129667}], "most_selective_attr": "DOLocationID"}
r	{"filters": [{"attr": "PULocationID", "op": "eq", "value": 229}, {"attr": "passenger_count", "op": "range", "lo": -1.0, "hi": 2.0}, {"attr": "tpep_dropoff_datetime", "op": "range", "lo": 1708550116, "hi": 1754785323}, {"attr": "fare_amount", "op": "range", "lo": 12.1, "hi": 62.5}], "most_selective_attr": "PULocationID"}
r	{"filters": [{"attr": "PULocationID", "op": "eq", "value": 170}, {"attr": "tpep_dropoff_datetime", "op": "range", "lo": 1727899542, "hi": 1761822059}, {"attr": "fare_amount", "op": "range", "lo": 7.2, "hi": 21.9}, {"attr": "passenger_count", "op": "range", "lo": -1.0, "hi": 1.0}], "most_selective_attr": "PULocationID"}
r	{"filters": [{"attr": "PULocationID", "op": "eq", "value": 262}, {"attr": "passenger_count", "op": "range", "lo": -1.0, "hi": 1.0}, {"attr": "fare_amount", "op": "range", "lo": 8.48, "hi": 70.0}, {"attr": "tpep_dropoff_datetime", "op": "range", "lo": 1711390963, "hi": 1760477133}], "most_selective_attr": "PULocationID"}
r	{"filters": [{"attr": "PULocationID", "op": "eq", "value": 68}, {"attr": "passenger_count", "op": "range", "lo": -1.0, "hi": 1.0}, {"attr": "tpep_pickup_datetime", "op": "range", "lo": 1714583858, "hi": 1762379005}, {"attr": "fare_amount", "op": "range", "lo": 6.5, "hi": 19.1}], "most_selective_attr": "PULocationID"}
r	{"filters": [{"attr": "DOLocationID", "op": "eq", "value": 263}, {"attr": "passenger_count", "op": "range", "lo": -1.0, "hi": 2.0}, {"attr": "tpep_dropoff_datetime", "op": "range", "lo": 1733912608, "hi": 1765197967}, {"attr": "tpep_pickup_datetime", "op": "range", "lo": 1709892838, "hi": 1747438910}], "most_selective_attr": "DOLocationID"}
r	{"filters": [{"attr": "PULocationID", "op": "eq", "value": 163}, {"attr": "tpep_pickup_datetime", "op": "range", "lo": 1743586259, "hi": 1762377852}, {"attr": "passenger_count", "op": "range", "lo": 1.0, "hi": 3.0}, {"attr": "tpep_dropoff_datetime", "op": "range", "lo": 1708742956, "hi": 1749339625}], "most_selective_attr": "PULocationID"}
r	{"filters": [{"attr": "PULocationID", "op": "eq", "value": 170}, {"attr": "tpep_dropoff_datetime", "op": "range", "lo": 1725369349, "hi": 1749625817}, {"attr": "fare_amount", "op": "range", "lo": 7.9, "hi": 54.8}, {"attr": "tpep_pickup_datetime", "op": "range", "lo": 1726681865, "hi": 1760540164}], "most_selective_attr": "PULocationID"}
r	{"filters": [{"attr": "DOLocationID", "op": "eq", "value": 231}, {"attr": "tpep_dropoff_datetime", "op": "range", "lo": 1726591087, "hi": 1760996998}, {"attr": "passenger_count", "op": "range", "lo": 1.0, "hi": 1.01}, {"attr": "fare_amount", "op": "range", "lo": 2.84, "hi": 13.5}], "most_selective_attr": "DOLocationID"}
r	{"filters": [{"attr": "DOLocationID", "op": "eq", "value": 140}, {"attr": "passenger_count", "op": "range", "lo": -1.0, "hi": 2.0}, {"attr": "tpep_dropoff_datetime", "op": "range", "lo": 1733264836, "hi": 1765360707}, {"attr": "fare_amount", "op": "range", "lo": 6.5, "hi": 11.11}], "most_selective_attr": "DOLocationID"}
r	{"filters": [{"attr": "DOLocationID", "op": "eq", "value": 249}, {"attr": "tpep_dropoff_datetime", "op": "range", "lo": 1710632529, "hi": 1756971801}, {"attr": "passenger_count", "op": "range", "lo": 1.0, "hi": 4.0}, {"attr": "fare_amount", "op": "range", "lo": 10.7, "hi": 28.2}], "most_selective_attr": "DOLocationID"}
r	{"filters": [{"attr": "PULocationID", "op": "eq", "value": 186}, {"attr": "fare_amount", "op": "range", "lo": 5.1, "hi": 17.0}, {"attr": "tpep_dropoff_datetime", "op": "range", "lo": 1705391340, "hi": 1751268968}, {"attr": "tpep_pickup_datetime", "op": "range", "lo": 1730151583, "hi": 1746710333}], "most_selective_attr": "PULocationID"}
r	{"filters": [{"attr": "PULocationID", "op": "eq", "value": 170}, {"attr": "tpep_pickup_datetime", "op": "range", "lo": 1718824070, "hi": 1760458421}, {"attr": "passenger_count", "op": "range", "lo": -1.0, "hi": 1.0}, {"attr": "tpep_dropoff_datetime", "op": "range", "lo": 1724750463, "hi": 1745310990}], "most_selective_attr": "PULocationID"}
r	{"filters": [{"attr": "passenger_count", "op": "range", "lo": -1.0, "hi": 1.0}, {"attr": "tpep_dropoff_datetime", "op": "range", "lo": 1709328165, "hi": 1742491032}, {"attr": "tpep_pickup_datetime", "op": "range", "lo": 1710622111, "hi": 1722928029}, {"attr": "fare_amount", "op": "range", "lo": 10.7, "hi": 14.2}], "most_selective_attr": "fare_amount"}
r	{"filters": [{"attr": "DOLocationID", "op": "eq", "value": 186}, {"attr": "fare_amount", "op": "range", "lo": 7.9, "hi": 70.0}, {"attr": "tpep_dropoff_datetime", "op": "range", "lo": 1709382340, "hi": 1752096876}, {"attr": "passenger_count", "op": "range", "lo": 1.0, "hi": 2.0}], "most_selective_attr": "DOLocationID"}
r	{"filters": [{"attr": "PULocationID", "op": "eq", "value": 262}, {"attr": "passenger_count", "op": "range", "lo": 1.0, "hi": 2.0}, {"attr": "fare_amount", "op": "range", "lo": 3.0, "hi": 17.4}, {"attr": "tpep_pickup_datetime", "op": "range", "lo": 1709647363, "hi": 1750405356}], "most_selective_attr": "PULocationID"}
r	{"filters": [{"attr": "PULocationID", "op": "eq", "value": 79}, {"attr": "fare_amount", "op": "range", "lo": 10.7, "hi": 19.8}, {"attr": "tpep_dropoff_datetime", "op": "range", "lo": 1714671668, "hi": 1753786214}, {"attr": "passenger_count", "op": "range", "lo": 1.0, "hi": 2.0}], "most_selective_attr": "PULocationID"}
r	{"filters": [{"attr": "tpep_pickup_datetime", "op": "range", "lo": 1726341741, "hi": 1745977029}, {"attr": "tpep_dropoff_datetime", "op": "range", "lo": 1734636180, "hi": 1753309076}, {"attr": "fare_amount", "op": "range", "lo": 16.4, "hi": 26.35}, {"attr": "passenger_count", "op": "range", "lo": 2.0, "hi": 3.0}], "most_selective_attr": "passenger_count"}
r	{"filters": [{"attr": "PULocationID", "op": "eq", "value": 238}, {"attr": "passenger_count", "op": "range", "lo": 1.0, "hi": 5.0}, {"attr": "tpep_dropoff_datetime", "op": "range", "lo": 1706872535, "hi": 1758999389}, {"attr": "tpep_pickup_datetime", "op": "range", "lo": 1737060082, "hi": 1759713474}], "most_selective_attr": "PULocationID"}
r	{"filters": [{"attr": "DOLocationID", "op": "eq", "value": 161}, {"attr": "tpep_pickup_datetime", "op": "range", "lo": 1709642372, "hi": 1744594425}, {"attr": "tpep_dropoff_datetime", "op": "range", "lo": 1739875670, "hi": 1753529275}, {"attr": "fare_amount", "op": "range", "lo": 10.7, "hi": 26.1}], "most_selective_attr": "DOLocationID"}
r	{"filters": [{"attr": "DOLocationID", "op": "eq", "value": 170}, {"attr": "fare_amount", "op": "range", "lo": 10.1, "hi": 59.7}, {"attr": "passenger_count", "op": "range", "lo": 1.0, "hi": 1.01}, {"attr": "tpep_pickup_datetime", "op": "range", "lo": 1710807957, "hi": 1741674809}], "most_selective_attr": "DOLocationID"}
r	{"filters": [{"attr": "DOLocationID", "op": "eq", "value": 239}, {"attr": "passenger_count", "op": "range", "lo": 1.0, "hi": 1.01}, {"attr": "fare_amount", "op": "range", "lo": 11.4, "hi": 26.8}, {"attr": "tpep_dropoff_datetime", "op": "range", "lo": 1727807135, "hi": 1765552554}], "most_selective_attr": "DOLocationID"}
r	{"filters": [{"attr": "DOLocationID", "op": "eq", "value": 113}, {"attr": "passenger_count", "op": "range", "lo": -1.0, "hi": 2.0}, {"attr": "tpep_dropoff_datetime", "op": "range", "lo": 1732289041, "hi": 1766411149}, {"attr": "fare_amount", "op": "range", "lo": 5.8, "hi": 25.5}], "most_selective_attr": "DOLocationID"}
r	{"filters": [{"attr": "DOLocationID", "op": "eq", "value": 100}, {"attr": "passenger_count", "op": "range", "lo": 1.0, "hi": 5.0}, {"attr": "tpep_dropoff_datetime", "op": "range", "lo": 1714669949, "hi": 1742548745}, {"attr": "fare_amount", "op": "range", "lo": -0.11, "hi": 40.1}], "most_selective_attr": "DOLocationID"}
r	{"filters": [{"attr": "PULocationID", "op": "eq", "value": 90}, {"attr": "tpep_pickup_datetime", "op": "range", "lo": 1718129053, "hi": 1749753849}, {"attr": "passenger_count", "op": "range", "lo": 1.0, "hi": 3.0}, {"attr": "fare_amount", "op": "range", "lo": -4.75, "hi": 20.5}], "most_selective_attr": "PULocationID"}
r	{"filters": [{"attr": "PULocationID", "op": "eq", "value": 186}, {"attr": "fare_amount", "op": "range", "lo": 4.32, "hi": 21.2}, {"attr": "tpep_pickup_datetime", "op": "range", "lo": 1710329808, "hi": 1748567448}, {"attr": "tpep_dropoff_datetime", "op": "range", "lo": 1725522945, "hi": 1756203427}], "most_selective_attr": "PULocationID"}
r	{"filters": [{"attr": "PULocationID", "op": "eq", "value": 263}, {"attr": "passenger_count", "op": "range", "lo": 1.0, "hi": 1.01}, {"attr": "fare_amount", "op": "range", "lo": 9.3, "hi": 44.3}, {"attr": "tpep_dropoff_datetime", "op": "range", "lo": 1727110921, "hi": 1763556373}], "most_selective_attr": "PULocationID"}
r	{"filters": [{"attr": "PULocationID", "op": "eq", "value": 231}, {"attr": "tpep_pickup_datetime", "op": "range", "lo": 1712771309, "hi": 1753172340}, {"attr": "passenger_count", "op": "range", "lo": -1.0, "hi": 2.0}, {"attr": "tpep_dropoff_datetime", "op": "range", "lo": 1714407743, "hi": 1766057074}], "most_selective_attr": "PULocationID"}
r	{"filters": [{"attr": "DOLocationID", "op": "eq", "value": 186}, {"attr": "tpep_dropoff_datetime", "op": "range", "lo": 1722953416, "hi": 1763765891}, {"attr": "fare_amount", "op": "range", "lo": 6.5, "hi": 49.2}, {"attr": "tpep_pickup_datetime", "op": "range", "lo": 1709720490, "hi": 1730742474}], "most_selective_attr": "DOLocationID"}
r	{"filters": [{"attr": "tpep_dropoff_datetime", "op": "range", "lo": 1725138011, "hi": 1738952574}, {"attr": "passenger_count", "op": "range", "lo": -1.0, "hi": 1.0}, {"attr": "fare_amount", "op": "range", "lo": 12.1, "hi": 16.3}, {"attr": "tpep_pickup_datetime", "op": "range", "lo": 1734338420, "hi": 1759049751}], "most_selective_attr": "passenger_count"}
